id,researchId,tookMs,totalQuestions,age,gender,edu,discipline_raw,internet_use,q1,q2,q3,q4,q5,q6,q7,q8,q9,q10,q11,q12,q13,q14,q15,q16,q17,q18,q19,q20,q21,meta,createdAt
"0JZNDj0MHEBrQKxhcWEN","20260402_163259_848",153074,26,"Gen Z (1997–2012)","Male","Undergraduate","Biotechnology and medicine","3–6 hours",5,5,5,3,2,4,4,1,5,5,4,5,1,5,5,2,5,"Instagram , Facebook, YouTube, WhatsApp, X (Twitter), Search Engines (Google/Bing/Yahoo etc), AI tools (ChatGPT/Gemini etc), Online news websites",5,5,5,{"ua":"Mozilla/5.0 (Linux; Android 10; K) AppleWebKit/537.36 (KHTML, like Gecko) Chrome/146.0.0.0 Mobile Safari/537.36","lang":"en-IN","tz":"Asia/Calcutta","screen":"384x832"},{"_seconds":1775127933,"_nanoseconds":135000000}
"0ViMFqOo9WjKXKbatW12","20260406_224137_751",186204,26,"Millennials Gen-Y(1981–1996)","Male","Postgraduate",null,"3–6 hours",0,1,2,2,1,4,2,1,4,4,4,1,2,4,1,2,2,"Facebook",4,5,5,{"ua":"Mozilla/5.0 (Linux; Android 10; K) AppleWebKit/537.36 (KHTML, like Gecko) Chrome/146.0.0.0 Mobile Safari/537.36","lang":"en-US","tz":"Asia/Calcutta","screen":"434x965"},{"_seconds":1775495684,"_nanoseconds":653000000}
"0ogWrHYZXGPpjJB779Ov","20260407_184807_181",124029,26,"Gen Z (1997–2012)","Female","Doctoral (PhD)",null,"1–3 hours",4,3,4,4,2,1,4,2,4,4,2,2,4,4,4,2,1,"AI tools (ChatGPT/Gemini etc)",4,4,4,{"ua":"Mozilla/5.0 (Linux; Android 10; K) AppleWebKit/537.36 (KHTML, like Gecko) Chrome/146.0.0.0 Mobile Safari/537.36","lang":"en-GB","tz":"Asia/Calcutta","screen":"424x942"},{"_seconds":1775568013,"_nanoseconds":440000000}
"15hGmLFE1cr5yYuLUd4y","20260306_215208_920",127916,26,"Gen Z (1997–2012)","Female","Undergraduate",null,"6–9 hours",5,4,3,1,4,1,1,2,3,4,5,4,1,4,4,2,1,"Instagram , Facebook, YouTube, WhatsApp, X (Twitter), AI tools (ChatGPT/Gemini etc), Online news websites",4,4,3,{"ua":"Mozilla/5.0 (Linux; Android 10; K) AppleWebKit/537.36 (KHTML, like Gecko) Chrome/145.0.0.0 Mobile Safari/537.36","lang":"en-GB","tz":"Asia/Calcutta","screen":"424x946"},{"_seconds":1772814069,"_nanoseconds":268000000}
"1pvmhaJzszujbC8VZ1b8","20260309_120827_8",153707,26,"Gen Z (1997–2012)","Male","Undergraduate","Medicine","3–6 hours",4,5,3,4,3,2,2,3,4,4,5,4,3,3,5,4,4,"Facebook, X (Twitter)",3,4,4,{"ua":"Mozilla/5.0 (Linux; Android 10; K) AppleWebKit/537.36 (KHTML, like Gecko) Chrome/131.0.0.0 Mobile Safari/537.36","lang":"en-IN","tz":"Asia/Calcutta","screen":"360x806"},{"_seconds":1773038463,"_nanoseconds":270000000}
"2Muthrr0WyagQSkTqDpv","20260403_001139_731",160602,26,"Gen Z (1997–2012)","Male","Undergraduate","Law","1–3 hours",5,4,4,4,4,1,3,3,4,4,5,5,3,3,4,4,3,"Instagram , Facebook, YouTube, WhatsApp, X (Twitter), Search Engines (Google/Bing/Yahoo etc), AI tools (ChatGPT/Gemini etc), Online news websites",4,4,4,{"ua":"Mozilla/5.0 (Linux; Android 10; K) AppleWebKit/537.36 (KHTML, like Gecko) Chrome/146.0.0.0 Mobile Safari/537.36","lang":"en-IN","tz":"Asia/Calcutta","screen":"407x904"},{"_seconds":1775155461,"_nanoseconds":140000000}
"2Pr8vNA0w9TW9NAPhCId","20260309_150111_262",28966,26,"Millennials Gen-Y(1981–1996)","Male","Doctoral (PhD)",null,"6–9 hours",5,4,4,4,3,4,4,5,5,4,4,4,2,5,5,5,4,"Instagram , Facebook, YouTube, WhatsApp, X (Twitter), Search Engines (Google/Bing/Yahoo etc), AI tools (ChatGPT/Gemini etc), Online news websites",4,5,5,{"ua":"Mozilla/5.0 (Linux; Android 10; K) AppleWebKit/537.36 (KHTML, like Gecko) Chrome/139.0.0.0 Mobile Safari/537.36","lang":"en-GB","tz":"Asia/Calcutta","screen":"376x835"},{"_seconds":1773048701,"_nanoseconds":131000000}
"2R45NJtjOt7ABoPf3r7p","20260305_142835_80",144310,26,"Gen Z (1997–2012)","Male","Undergraduate","Science","6–9 hours",5,4,4,3,4,3,4,2,5,4,5,5,5,5,4,4,5,"Instagram , Facebook, X (Twitter)",5,5,5,{"ua":"Mozilla/5.0 (Linux; Android 10; K) AppleWebKit/537.36 (KHTML, like Gecko) Chrome/145.0.0.0 Mobile Safari/537.36","lang":"en-US","tz":"Asia/Calcutta","screen":"360x800"},{"_seconds":1772701261,"_nanoseconds":441000000}
"36k6qV8FVXHLu0yUm1PX","20260401_193501_419",408802,26,"Gen Alpha (2013–present)","Female","Postgraduate","Library and information science","1–3 hours",3,5,4,2,4,3,2,2,4,4,3,4,2,4,4,2,4,"Online news websites",4,4,4,{"ua":"Mozilla/5.0 (Linux; Android 10; K) AppleWebKit/537.36 (KHTML, like Gecko) Chrome/146.0.0.0 Mobile Safari/537.36","lang":"en-IN","tz":"Asia/Calcutta","screen":"360x800"},{"_seconds":1775052711,"_nanoseconds":704000000}
"39h75XfX31pngvKT3Y3Y","20260306_215057_260",189000,26,"Gen Z (1997–2012)","Male","Doctoral (PhD)","Mathematics","3–6 hours",4,4,3,5,3,1,2,4,2,5,3,4,2,4,4,4,4,"X (Twitter), AI tools (ChatGPT/Gemini etc)",4,3,4,{"ua":"Mozilla/5.0 (Linux; Android 10; K) AppleWebKit/537.36 (KHTML, like Gecko) Chrome/144.0.0.0 Mobile Safari/537.36","lang":"en-GB","tz":"Asia/Calcutta","screen":"385x854"},{"_seconds":1772814246,"_nanoseconds":768000000}
"3IYo1I16isHNuP7oQLVP","20260305_232410_397",151550,26,"Gen Z (1997–2012)","Female","Undergraduate",null,"1–3 hours",5,5,4,1,4,1,1,2,3,5,4,5,1,5,5,2,1,"Instagram ",5,4,5,{"ua":"Mozilla/5.0 (Linux; Android 10; K) AppleWebKit/537.36 (KHTML, like Gecko) Chrome/145.0.0.0 Mobile Safari/537.36","lang":"en-GB","tz":"Asia/Calcutta","screen":"424x946"},{"_seconds":1772733214,"_nanoseconds":594000000}
"3X26WGRzTyB0Gjls8qRw","20260406_222518_989",109629,26,"Millennials Gen-Y(1981–1996)","Female","Doctoral (PhD)",null,"3–6 hours",5,4,3,4,4,4,3,3,3,3,3,4,2,5,3,4,3,"Instagram , Facebook, WhatsApp",4,4,4,{"ua":"Mozilla/5.0 (Linux; Android 10; K) AppleWebKit/537.36 (KHTML, like Gecko) Chrome/146.0.0.0 Mobile Safari/537.36","lang":"en-US","tz":"Asia/Calcutta","screen":"384x832"},{"_seconds":1775494628,"_nanoseconds":912000000}
"3X3VYxKF3vItLdvUdXOE","20260406_212419_282",209846,26,"Millennials Gen-Y(1981–1996)","Female","Postgraduate","Library and information sciences","More than 9 hours",5,4,4,5,4,3,5,4,4,5,3,4,3,5,5,2,2,"Instagram , Facebook",4,4,4,{"ua":"Mozilla/5.0 (iPhone; CPU iPhone OS 18_7 like Mac OS X) AppleWebKit/605.1.15 (KHTML, like Gecko) Version/26.3 Mobile/15E148 Safari/604.1","lang":"en-GB","tz":"Asia/Qatar","screen":"428x926"},{"_seconds":1775500070,"_nanoseconds":715000000}
"4D9Z8YbUvpaamZZR942E","20260406_232046_904",496187,26,"Gen Z (1997–2012)","Male","Doctoral (PhD)","behaivioral science(management)","3–6 hours",4,2,3,4,3,2,2,2,3,4,3,5,3,5,5,2,4,"Facebook",3,3,4,{"ua":"Mozilla/5.0 (Linux; Android 10; K) AppleWebKit/537.36 (KHTML, like Gecko) Chrome/146.0.0.0 Mobile Safari/537.36","lang":"en","tz":"Asia/Calcutta","screen":"412x892"},{"_seconds":1775498344,"_nanoseconds":370000000}
"4RcNYzqp813kQopo9JNO","20260309_145532_685",166545,26,"Gen Z (1997–2012)","Male","Undergraduate","Engineering","1–3 hours",4,3,3,2,2,4,4,3,5,5,4,5,3,5,5,3,4,"X (Twitter), Search Engines (Google/Bing/Yahoo etc), AI tools (ChatGPT/Gemini etc), Online news websites",5,5,4,{"ua":"Mozilla/5.0 (iPhone; CPU iPhone OS 26_3_1 like Mac OS X) AppleWebKit/605.1.15 (KHTML, like Gecko) Mobile/23D8133 Twitter for iPhone/11.71.1","lang":"en-IN","tz":"Asia/Calcutta","screen":"430x932"},{"_seconds":1773048499,"_nanoseconds":660000000}
"4Z37qZUOy6ROgU35r9vO","20260402_231303_838",136347,26,"Gen Z (1997–2012)","Male","Postgraduate",null,"1–3 hours",1,4,2,1,4,2,2,2,2,4,5,5,2,4,3,3,4,"X (Twitter)",3,3,4,{"ua":"Mozilla/5.0 (Linux; Android 10; K) AppleWebKit/537.36 (KHTML, like Gecko) Chrome/144.0.0.0 Mobile Safari/537.36","lang":"en-US","tz":"Asia/Calcutta","screen":"384x832"},{"_seconds":1775151922,"_nanoseconds":221000000}
"4doPjDYgehcenL9fYQ3o","20260406_222945_538",563704,26,"Gen Z (1997–2012)","Male","Doctoral (PhD)",null,"6–9 hours",4,4,3,4,3,1,2,3,5,5,1,5,5,5,5,3,1,"Instagram , Facebook, WhatsApp, AI tools (ChatGPT/Gemini etc)",5,5,5,{"ua":"Mozilla/5.0 (Linux; Android 10; K) AppleWebKit/537.36 (KHTML, like Gecko) Chrome/135.0.0.0 Mobile Safari/537.36","lang":"en-IN","tz":"Asia/Calcutta","screen":"381x846"},{"_seconds":1775495363,"_nanoseconds":420000000}
"4fLZeRof9taZvbOnDCPW","20260306_045302_1",1458722,26,"Gen Z (1997–2012)","Male","Undergraduate","Engineering","6–9 hours",4,2,2,1,4,2,4,3,4,5,4,5,2,5,4,2,4,"X (Twitter), Search Engines (Google/Bing/Yahoo etc)",4,4,4,{"ua":"Mozilla/5.0 (Linux; Android 10; K) AppleWebKit/537.36 (KHTML, like Gecko) Chrome/145.0.0.0 Mobile Safari/537.36","lang":"en-US","tz":"Asia/Calcutta","screen":"360x804"},{"_seconds":1772754441,"_nanoseconds":527000000}
"4tPX7jUPOWcTK4r0QsG7","20260401_142254_287",230995,26,"Gen Z (1997–2012)","Male","Undergraduate","Commerce/Business","3–6 hours",4,2,3,4,2,2,2,4,2,4,3,4,4,3,4,4,4,"X (Twitter)",2,4,4,{"ua":"Mozilla/5.0 (iPhone; CPU iPhone OS 26_4_0 like Mac OS X) AppleWebKit/605.1.15 (KHTML, like Gecko) CriOS/146.0.7680.151 Mobile/15E148 Safari/604.1","lang":"en-IN","tz":"Asia/Calcutta","screen":"430x932"},{"_seconds":1775033805,"_nanoseconds":731000000}
"4zbtNXPaYkVSGBMpzWxs","20260306_120336_783",172060,26,"Gen Z (1997–2012)","Female","Undergraduate",null,"6–9 hours",5,4,4,3,3,2,3,4,3,3,4,4,3,4,3,4,3,"Instagram ",3,3,3,{"ua":"Mozilla/5.0 (Linux; Android 10; K) AppleWebKit/537.36 (KHTML, like Gecko) Chrome/145.0.0.0 Mobile Safari/537.36","lang":"en-GB","tz":"Asia/Calcutta","screen":"424x946"},{"_seconds":1772778989,"_nanoseconds":189000000}
"67ldkhCo1KhzNIoEtG5h","20260401_105242_978",98229,26,"Gen Z (1997–2012)","Male","Doctoral (PhD)","Library and Information Science","3–6 hours",3,4,5,5,5,5,5,5,5,5,5,5,5,5,5,5,5,"X (Twitter)",4,5,5,{"ua":"Mozilla/5.0 (Windows NT 10.0; Win64; x64) AppleWebKit/537.36 (KHTML, like Gecko) Chrome/146.0.0.0 Safari/537.36","lang":"en-US","tz":"Asia/Calcutta","screen":"1280x720"},{"_seconds":1775021063,"_nanoseconds":569000000}
"6PatJ0KAgRYcmXduTDoE","20260406_223734_195",265195,26,"Gen Z (1997–2012)","Male","Postgraduate",null,"More than 9 hours",4,4,3,2,3,2,3,4,2,3,5,4,2,2,3,3,3,"Instagram , Facebook, YouTube, X (Twitter)",3,3,4,{"ua":"Mozilla/5.0 (Linux; Android 10; K) AppleWebKit/537.36 (KHTML, like Gecko) Chrome/146.0.0.0 Mobile Safari/537.36","lang":"en-IN","tz":"Asia/Calcutta","screen":"393x873"},{"_seconds":1775495520,"_nanoseconds":379000000}
"73O6u3jfKQVNX93BlONj","20260406_222123_853",249461,26,"Millennials Gen-Y(1981–1996)","Female","Doctoral (PhD)","Teacher education","6–9 hours",4,4,4,4,5,4,4,4,4,5,4,3,4,5,5,3,4,"Instagram , WhatsApp",3,4,4,{"ua":"Mozilla/5.0 (Linux; Android 10; K) AppleWebKit/537.36 (KHTML, like Gecko) Chrome/146.0.0.0 Mobile Safari/537.36","lang":"en-IN","tz":"Asia/Calcutta","screen":"393x851"},{"_seconds":1775494534,"_nanoseconds":323000000}
"7j5A0lRxbqsZ4sUch5H6","20260409_091949_677",321190,26,"Gen Z (1997–2012)","Female","Postgraduate","Library and information science","3–6 hours",4,4,4,3,3,4,3,4,4,4,2,5,3,5,5,2,3,"Instagram , Facebook, WhatsApp",4,4,4,{"ua":"Mozilla/5.0 (Linux; Android 10; K) AppleWebKit/537.36 (KHTML, like Gecko) Chrome/146.0.0.0 Mobile Safari/537.36","lang":"en-US","tz":"Asia/Calcutta","screen":"320x712"},{"_seconds":1775706911,"_nanoseconds":954000000}
"7sLfGeX62lRpkJJ4Min5","20260406_224836_592",239488,26,"Millennials Gen-Y(1981–1996)","Male","Postgraduate","Commerce","3–6 hours",4,4,3,3,4,2,2,4,3,3,2,3,2,3,4,3,3,"Facebook",3,4,3,{"ua":"Mozilla/5.0 (Linux; Android 10; K) AppleWebKit/537.36 (KHTML, like Gecko) Chrome/146.0.0.0 Mobile Safari/537.36","lang":"en-GB","tz":"Asia/Calcutta","screen":"393x873"},{"_seconds":1775496157,"_nanoseconds":276000000}
"8BYiyi0cI1hGCN0WcLhX","20260306_215913_465",100444,26,"Gen Z (1997–2012)","Male","Undergraduate",null,"1–3 hours",5,4,2,2,3,4,4,3,4,5,4,5,5,3,3,4,3,"Facebook",4,5,5,{"ua":"Mozilla/5.0 (Linux; Android 10; K) AppleWebKit/537.36 (KHTML, like Gecko) Chrome/142.0.0.0 Mobile Safari/537.36","lang":"en-IN","tz":"Asia/Calcutta","screen":"377x837"},{"_seconds":1772814659,"_nanoseconds":776000000}
"8XCgz7R5AAaoP1hX5aN2","20260401_234957_472",327120,26,"Millennials Gen-Y(1981–1996)","Male","Postgraduate",null,"3–6 hours",4,2,3,2,4,2,2,3,2,4,4,1,2,3,4,4,4,"Instagram , Facebook, X (Twitter)",2,2,4,{"ua":"Mozilla/5.0 (iPhone; CPU iPhone OS 18_7 like Mac OS X) AppleWebKit/605.1.15 (KHTML, like Gecko) Version/26.3 Mobile/15E148 Safari/604.1","lang":"en-IN","tz":"Asia/Calcutta","screen":"390x844"},{"_seconds":1775067925,"_nanoseconds":17000000}
"8sQ2bS1ZWgRIRTQ8rh9X","20260309_150556_679",31080,26,"Gen Z (1997–2012)","Male","Doctoral (PhD)",null,"6–9 hours",5,5,5,5,5,5,5,5,5,5,5,3,1,2,2,4,3,"Instagram , Facebook, YouTube",1,1,1,{"ua":"Mozilla/5.0 (Linux; Android 10; K) AppleWebKit/537.36 (KHTML, like Gecko) Chrome/139.0.0.0 Mobile Safari/537.36","lang":"en-GB","tz":"Asia/Calcutta","screen":"376x835"},{"_seconds":1773048989,"_nanoseconds":99000000}
"9FkTp48FldVUKT51cdK0","20260407_072018_940",268059,26,"Millennials Gen-Y(1981–1996)","Male","Postgraduate","Library and information Science","6–9 hours",4,4,4,3,4,5,3,4,4,4,4,4,2,4,4,5,5,"Facebook, YouTube, WhatsApp, Online news websites",3,3,4,{"ua":"Mozilla/5.0 (Linux; Android 10; K) AppleWebKit/537.36 (KHTML, like Gecko) Chrome/146.0.0.0 Mobile Safari/537.36","lang":"en-GB","tz":"Asia/Calcutta","screen":"360x800"},{"_seconds":1775526889,"_nanoseconds":217000000}
"9PbED3Pgkl1ATpE2hn98","20260307_001754_414",142990,26,"Gen Z (1997–2012)","Male","Postgraduate","Journalism","1–3 hours",3,4,4,4,2,1,1,2,4,4,4,4,4,4,4,2,4,"Instagram , Facebook, YouTube, WhatsApp, X (Twitter), Search Engines (Google/Bing/Yahoo etc), AI tools (ChatGPT/Gemini etc), Online news websites",5,4,4,{"ua":"Mozilla/5.0 (Linux; Android 10; K) AppleWebKit/537.36 (KHTML, like Gecko) Chrome/145.0.0.0 Mobile Safari/537.36","lang":"en-US","tz":"Asia/Calcutta","screen":"384x832"},{"_seconds":1772823018,"_nanoseconds":573000000}
"9Z16i4cJLjmudiBlYNz6","20260306_102553_385",165242,26,"Gen Z (1997–2012)","Male","Undergraduate","Computer Science Engineering","1–3 hours",3,2,3,4,3,2,3,3,2,3,4,4,3,2,5,1,3,"Facebook, WhatsApp, Online news websites",4,4,4,{"ua":"Mozilla/5.0 (iPhone; CPU iPhone OS 26_2 like Mac OS X) AppleWebKit/605.1.15 (KHTML, like Gecko) Mobile/23C55 Twitter for iPhone/11.69","lang":"en-IN","tz":"Asia/Calcutta","screen":"393x852"},{"_seconds":1772773122,"_nanoseconds":309000000}
"9ijSX4j5bqGhMF3DP1mo","20260402_105722_360",147479,26,"Gen Z (1997–2012)","Female","Other","Pre medical","More than 9 hours",4,3,3,5,5,3,4,2,2,2,1,5,3,4,4,4,3,"X (Twitter)",2,2,4,{"ua":"Mozilla/5.0 (Linux; Android 10; K) AppleWebKit/537.36 (KHTML, like Gecko) Chrome/146.0.0.0 Mobile Safari/537.36","lang":"en-US","tz":"Asia/Calcutta","screen":"412x915"},{"_seconds":1775107791,"_nanoseconds":649000000}
"9tyGqlCqGr49jon7dYIn","20260306_215405_596",202547,26,"Gen Z (1997–2012)","Male","Other","Medicine","6–9 hours",4,4,4,2,3,3,2,2,4,4,5,4,2,4,5,2,2,"Instagram , Facebook, WhatsApp, X (Twitter)",4,5,5,{"ua":"Mozilla/5.0 (Linux; Android 10; K) AppleWebKit/537.36 (KHTML, like Gecko) Chrome/145.0.0.0 Mobile Safari/537.36","lang":"en-GB","tz":"Asia/Calcutta","screen":"393x851"},{"_seconds":1772814449,"_nanoseconds":370000000}
"A8XAlJ2z9ww4W4AEeAIm","20260306_215110_183",115172,26,"Gen Z (1997–2012)","Male","Postgraduate","Engineering","3–6 hours",4,4,4,4,4,3,3,4,4,4,3,4,3,4,5,4,5,"Instagram ",4,4,5,{"ua":"Mozilla/5.0 (Linux; Android 10; K) AppleWebKit/537.36 (KHTML, like Gecko) Chrome/145.0.0.0 Mobile Safari/537.36","lang":"en-IN","tz":"Asia/Calcutta","screen":"360x800"},{"_seconds":1772814143,"_nanoseconds":448000000}
"ACMmNqLwUkYLeRKNjU2k","20260306_215526_440",145990,26,"Gen Z (1997–2012)","Male","Doctoral (PhD)","medical","3–6 hours",3,2,3,3,2,4,2,2,4,5,5,5,1,5,5,3,5,"X (Twitter)",5,4,4,{"ua":"Mozilla/5.0 (Linux; Android 10; K) AppleWebKit/537.36 (KHTML, like Gecko) Chrome/145.0.0.0 Mobile Safari/537.36","lang":"en-GB","tz":"Asia/Calcutta","screen":"393x895"},{"_seconds":1772814473,"_nanoseconds":369000000}
"AY1uypN6sCf7Om7YBWs4","20260306_011110_512",157618,26,"Gen Z (1997–2012)","Female","Undergraduate","Agriculture","3–6 hours",5,3,4,4,4,2,4,4,5,5,4,5,4,5,5,2,5,"X (Twitter)",4,5,5,{"ua":"Mozilla/5.0 (Linux; Android 10; K) AppleWebKit/537.36 (KHTML, like Gecko) SamsungBrowser/29.0 Chrome/136.0.0.0 Mobile Safari/537.36","lang":"en-US","tz":"Asia/Calcutta","screen":"339x753"},{"_seconds":1772739830,"_nanoseconds":23000000}
"Ah0kWGAQh1dNbbntoDdF","20260308_120058_199",178672,26,"Gen Z (1997–2012)","Male","Postgraduate","Commerce","6–9 hours",4,2,5,4,4,3,4,2,4,5,5,4,2,4,5,2,3,"Instagram , Facebook, YouTube, X (Twitter)",4,4,5,{"ua":"Mozilla/5.0 (Linux; Android 10; K) AppleWebKit/537.36 (KHTML, like Gecko) Chrome/145.0.0.0 Mobile Safari/537.36","lang":"en-IN","tz":"Asia/Calcutta","screen":"360x806"},{"_seconds":1772951637,"_nanoseconds":839000000}
"Ao3R6fZbHiaeZjkDE5LV","20260401_120044_549",145442,26,"Gen Z (1997–2012)","Male","Postgraduate","Medical","1–3 hours",4,4,4,4,4,4,4,4,4,4,4,4,4,4,4,4,4,"Instagram ",4,4,4,{"ua":"Mozilla/5.0 (Linux; Android 10; K) AppleWebKit/537.36 (KHTML, like Gecko) Chrome/146.0.0.0 Mobile Safari/537.36","lang":"en-GB","tz":"Asia/Calcutta","screen":"360x780"},{"_seconds":1775025191,"_nanoseconds":574000000}
"B0imB8aWE1hU0sDA2tQ8","20260305_140651_923",30161,26,"Generation X (1965–1980)","Prefer not to say","Higher Secondary","Physics","3–6 hours",3,3,2,2,2,2,4,4,4,4,4,4,4,4,4,4,4,"WhatsApp",4,4,4,{"ua":"Mozilla/5.0 (Windows NT 10.0; Win64; x64) AppleWebKit/537.36 (KHTML, like Gecko) Chrome/145.0.0.0 Safari/537.36","lang":"en-US","tz":"Asia/Calcutta","screen":"1280x720"},{"_seconds":1772699842,"_nanoseconds":411000000}
"BVnJJF6qX5LeiNeErBQG","20260401_154415_84",391459,26,"Gen Z (1997–2012)","Male","Doctoral (PhD)","Law","3–6 hours",4,4,4,4,3,2,4,4,4,4,4,4,5,5,4,1,2,"Search Engines (Google/Bing/Yahoo etc), Online news websites",3,3,4,{"ua":"Mozilla/5.0 (Linux; Android 10; K) AppleWebKit/537.36 (KHTML, like Gecko) Chrome/146.0.0.0 Mobile Safari/537.36","lang":"en-GB","tz":"Asia/Calcutta","screen":"360x802"},{"_seconds":1775038847,"_nanoseconds":427000000}
"BwIg9b7mEnUppvO5pBKJ","20260401_113046_990",191426,26,"Gen Z (1997–2012)","Male","Doctoral (PhD)","Geography","6–9 hours",4,4,4,4,3,4,2,3,5,5,4,4,2,5,5,4,2,"Instagram , Facebook, WhatsApp, X (Twitter), Online news websites",4,4,5,{"ua":"Mozilla/5.0 (Linux; Android 10; K) AppleWebKit/537.36 (KHTML, like Gecko) Chrome/145.0.0.0 Mobile Safari/537.36","lang":"en-US","tz":"Asia/Calcutta","screen":"360x800"},{"_seconds":1775023440,"_nanoseconds":737000000}
"BzJyjsPVkGBphV1PeCcN","20260406_222611_41",201751,26,"Gen Z (1997–2012)","Male","Doctoral (PhD)",null,"6–9 hours",4,3,4,3,4,2,3,2,4,4,4,4,3,4,4,2,3,"Instagram , Facebook, YouTube, X (Twitter), Online news websites",2,3,4,{"ua":"Mozilla/5.0 (Linux; Android 10; K) AppleWebKit/537.36 (KHTML, like Gecko) Chrome/146.0.0.0 Mobile Safari/537.36","lang":"en-US","tz":"Asia/Calcutta","screen":"393x851"},{"_seconds":1775494774,"_nanoseconds":853000000}
"CMXtuf3zmwiFTyeV6qBM","20260409_125208_620",269059,26,"Gen Z (1997–2012)","Male","Postgraduate","Physical education and sports","6–9 hours",4,4,4,4,5,2,3,3,4,5,3,5,1,5,5,3,4,"Instagram , Facebook, YouTube",4,2,4,{"ua":"Mozilla/5.0 (Linux; Android 11; vivo 1904) AppleWebKit/537.36 (KHTML, like Gecko) Version/4.0 Chrome/87.0.4280.141 Mobile Safari/537.36 VivoBrowser/15.6.6.0","lang":"en-US","tz":"Asia/Calcutta","screen":"360x772"},{"_seconds":1775719599,"_nanoseconds":198000000}
"Cc6IXYh4BWAz4U52RnDL","20260406_221512_996",97213,26,"Gen Z (1997–2012)","Male","Doctoral (PhD)",null,"More than 9 hours",4,4,4,5,5,4,5,4,5,5,5,5,4,4,4,2,5,"YouTube, X (Twitter)",4,4,4,{"ua":"Mozilla/5.0 (Linux; Android 10; K) AppleWebKit/537.36 (KHTML, like Gecko) Chrome/146.0.0.0 Mobile Safari/537.36","lang":"en-IN","tz":"Asia/Calcutta","screen":"432x960"},{"_seconds":1775494011,"_nanoseconds":690000000}
"CrBOBTDOFRLLCeUPYIFt","20260401_113102_248",231242,26,"Millennials Gen-Y(1981–1996)","Male","Postgraduate","Library & information science","1–3 hours",5,4,4,4,5,1,5,4,4,4,5,5,1,5,5,1,0,"Instagram , Facebook, WhatsApp, Online news websites",1,0,5,{"ua":"Mozilla/5.0 (Windows NT 10.0; Win64; x64) AppleWebKit/537.36 (KHTML, like Gecko) Chrome/144.0.0.0 Safari/537.36 Edg/144.0.0.0","lang":"en-US","tz":"Asia/Calcutta","screen":"1280x720"},{"_seconds":1775023495,"_nanoseconds":670000000}
"DLpLpMB5EWLfPJN8pli1","20260401_120705_998",242813,26,"Millennials Gen-Y(1981–1996)","Female","Doctoral (PhD)","Public admintration","6–9 hours",4,4,4,4,4,4,4,4,4,4,4,4,2,3,3,4,4,"Facebook",2,3,4,{"ua":"Mozilla/5.0 (Linux; Android 10; K) AppleWebKit/537.36 (KHTML, like Gecko) Chrome/146.0.0.0 Mobile Safari/537.36","lang":"en-IN","tz":"Asia/Calcutta","screen":"369x906"},{"_seconds":1775025669,"_nanoseconds":191000000}
"DWyeVyy1ZdgH1GBh70Yz","20260407_080415_58",148025,26,"Millennials Gen-Y(1981–1996)","Female","Postgraduate",null,"1–3 hours",3,4,4,3,4,2,4,2,5,5,5,5,1,5,5,1,5,"Facebook",2,1,1,{"ua":"Mozilla/5.0 (Linux; Android 10; K) AppleWebKit/537.36 (KHTML, like Gecko) Chrome/146.0.0.0 Mobile Safari/537.36","lang":"en-IN","tz":"Asia/Calcutta","screen":"412x919"},{"_seconds":1775529402,"_nanoseconds":481000000}
"DdFWPGjCFWrul2PqbnEM","20260305_231332_910",135945,26,"Gen Z (1997–2012)","Female","Undergraduate",null,"More than 9 hours",5,4,3,2,4,2,1,2,4,4,4,4,4,4,2,1,2,"Instagram ",2,4,3,{"ua":"Mozilla/5.0 (Linux; Android 10; K) AppleWebKit/537.36 (KHTML, like Gecko) Chrome/145.0.0.0 Mobile Safari/537.36","lang":"en-GB","tz":"Asia/Calcutta","screen":"424x946"},{"_seconds":1772732561,"_nanoseconds":309000000}
"Dra4d9ynYksN5zOHnLbe","20260309_004006_260",268733,26,"Gen Z (1997–2012)","Female","Postgraduate",null,"More than 9 hours",4,3,4,3,3,3,3,3,4,4,3,3,2,4,4,3,3,"Instagram ",3,3,4,{"ua":"Mozilla/5.0 (Linux; Android 13; 21091116UI Build/TP1A.220624.014; wv) AppleWebKit/537.36 (KHTML, like Gecko) Version/4.0 Chrome/145.0.7632.154 Mobile Safari/537.36 Instagram 419.0.0.49.71 Android (33/13; 440dpi; 1080x2400; Xiaomi; 21091116UI; pissarroinpro; mt6877; en_IN; 896334232; IABMV/1)","lang":"en-IN","tz":"Asia/Calcutta","screen":"393x873"},{"_seconds":1772997275,"_nanoseconds":953000000}
"DrfRoNn1P8UNouGcenyA","20260401_120022_371",225951,26,"Millennials Gen-Y(1981–1996)","Male","Doctoral (PhD)","Library and information science","1–3 hours",4,4,5,2,3,1,1,3,5,5,5,5,3,5,5,4,1,"Instagram , Facebook, YouTube, WhatsApp, X (Twitter), AI tools (ChatGPT/Gemini etc), Online news websites",5,5,5,{"ua":"Mozilla/5.0 (Linux; Android 10; K) AppleWebKit/537.36 (KHTML, like Gecko) Chrome/146.0.0.0 Mobile Safari/537.36","lang":"en-IN","tz":"Asia/Calcutta","screen":"511x1136"},{"_seconds":1775025250,"_nanoseconds":392000000}
"EQ3xveGSODPcweYPuIyF","20260306_163853_249",197418,26,"Gen Z (1997–2012)","Male","Undergraduate","Medical","6–9 hours",4,4,3,3,3,3,4,2,4,3,4,4,4,3,4,3,2,"Facebook, WhatsApp",3,4,4,{"ua":"Mozilla/5.0 (Linux; Android 10; K) AppleWebKit/537.36 (KHTML, like Gecko) Chrome/145.0.0.0 Mobile Safari/537.36","lang":"en-IN","tz":"Asia/Calcutta","screen":"450x1025"},{"_seconds":1772795532,"_nanoseconds":452000000}
"EayghvVYsLmK1MkGQtif","20260305_203738_372",142785,26,"Gen Z (1997–2012)","Male","Undergraduate","Mathematics","1–3 hours",5,2,5,3,3,3,4,2,5,5,5,5,4,5,5,3,4,"Instagram , X (Twitter)",3,5,5,{"ua":"Mozilla/5.0 (iPhone; CPU iPhone OS 26_3 like Mac OS X) AppleWebKit/605.1.15 (KHTML, like Gecko) Mobile/23D127 Twitter for iPhone/11.69","lang":"en-US","tz":"America/New_York","screen":"428x926"},{"_seconds":1772761205,"_nanoseconds":635000000}
"EvkDuXTbrjEoC7b3uXdk","20260406_223054_744",73595,26,"Gen Z (1997–2012)","Female","Postgraduate","Mlis","3–6 hours",3,3,2,4,5,3,4,3,4,4,4,2,4,5,4,4,4,"Facebook, X (Twitter), Search Engines (Google/Bing/Yahoo etc)",3,5,5,{"ua":"Mozilla/5.0 (Linux; Android 10; K) AppleWebKit/537.36 (KHTML, like Gecko) Chrome/145.0.0.0 Mobile Safari/537.36","lang":"en-GB","tz":"Asia/Calcutta","screen":"385x854"},{"_seconds":1775494930,"_nanoseconds":788000000}
"F44lG20Mf6v4SrjONdTe","20260305_140728_887",38148,26,"Generation X (1965–1980)","Male","Undergraduate","DEDE","6–9 hours",1,1,1,1,1,1,1,1,1,5,5,5,5,5,5,5,5,"X (Twitter)",4,4,4,{"ua":"Mozilla/5.0 (Windows NT 10.0; Win64; x64) AppleWebKit/537.36 (KHTML, like Gecko) Chrome/145.0.0.0 Safari/537.36","lang":"en-US","tz":"Asia/Calcutta","screen":"1280x720"},{"_seconds":1772699887,"_nanoseconds":264000000}
"FHUJabfXRK2q64MNO1Ie","20260402_202742_339",44250,26,"Gen Z (1997–2012)","Male","Doctoral (PhD)","Physics","Less than 1 hour",1,1,1,1,1,1,1,1,1,1,1,1,1,2,2,1,1,"Instagram ",1,1,2,{"ua":"Mozilla/5.0 (Linux; Android 10; K) AppleWebKit/537.36 (KHTML, like Gecko) Chrome/146.0.0.0 Mobile Safari/537.36","lang":"en-GB","tz":"Asia/Calcutta","screen":"384x854"},{"_seconds":1775141907,"_nanoseconds":352000000}
"FJFbcgUAEq8UxHvCAFK1"
"FXj2RRtjFB3QQ0DbnsUS","20260401_112209_114",1656119,26,"Gen Z (1997–2012)","Female","Doctoral (PhD)",null,"3–6 hours",4,3,3,4,2,3,4,4,3,4,3,4,3,4,3,3,3,"AI tools (ChatGPT/Gemini etc)",4,4,2,{"ua":"Mozilla/5.0 (Linux; Android 10; K) AppleWebKit/537.36 (KHTML, like Gecko) Chrome/146.0.0.0 Mobile Safari/537.36","lang":"en-IN","tz":"Asia/Calcutta","screen":"432x960"},{"_seconds":1775024386,"_nanoseconds":946000000}
"FalgJ2wsWLjeMmZlxASw","20260308_164516_795",82735,26,"Gen Z (1997–2012)","Male","Doctoral (PhD)","library and information science","3–6 hours",5,4,4,4,4,4,4,4,4,4,4,4,4,2,2,2,2,"Facebook",4,4,4,{"ua":"Mozilla/5.0 (Windows NT 10.0; Win64; x64) AppleWebKit/537.36 (KHTML, like Gecko) Chrome/145.0.0.0 Safari/537.36","lang":"en-US","tz":"Asia/Calcutta","screen":"1280x720"},{"_seconds":1772968600,"_nanoseconds":440000000}
"FvQ5Cjv2TdSBsiwSpwiH","20260406_221317_763",173285,26,"Gen Z (1997–2012)","Male","Postgraduate","library and information sciences","3–6 hours",4,4,3,4,4,4,3,4,4,5,4,4,4,4,4,4,2,"Facebook, WhatsApp, Search Engines (Google/Bing/Yahoo etc), AI tools (ChatGPT/Gemini etc), Online news websites",4,4,4,{"ua":"Mozilla/5.0 (Linux; Android 10; K) AppleWebKit/537.36 (KHTML, like Gecko) Chrome/146.0.0.0 Mobile Safari/537.36","lang":"en-GB","tz":"Asia/Calcutta","screen":"384x857"},{"_seconds":1775493970,"_nanoseconds":899000000}
"GV7RgMRmD8UBqJarlK0h","20260306_105519_302",194175,26,"Millennials Gen-Y(1981–1996)","Male","Other",null,"6–9 hours",3,4,4,3,2,2,2,2,4,4,3,5,2,4,4,3,4,"Facebook, WhatsApp, X (Twitter), AI tools (ChatGPT/Gemini etc)",3,4,4,{"ua":"Mozilla/5.0 (Linux; Android 10; K) AppleWebKit/537.36 (KHTML, like Gecko) Chrome/144.0.0.0 Mobile Safari/537.36","lang":"en-IN","tz":"Asia/Calcutta","screen":"384x832"},{"_seconds":1772774914,"_nanoseconds":779000000}
"Gbye5gtDlTfW151p91mz","20260406_231226_570",338267,26,"Millennials Gen-Y(1981–1996)","Male","Doctoral (PhD)","Literature","1–3 hours",5,4,5,4,3,2,2,3,5,5,5,5,5,5,5,2,5,"Instagram , Facebook, YouTube, WhatsApp, X (Twitter)",4,4,5,{"ua":"Mozilla/5.0 (iPhone; CPU iPhone OS 18_7 like Mac OS X) AppleWebKit/605.1.15 (KHTML, like Gecko) Version/26.3 Mobile/15E148 Safari/604.1","lang":"en-IN","tz":"Asia/Calcutta","screen":"393x852"},{"_seconds":1775497685,"_nanoseconds":735000000}
"Gv0sh66W932QYw0jgZE6","20260306_221001_35",203053,26,"Gen Z (1997–2012)","Female","Postgraduate","English Literature","3–6 hours",5,5,4,4,2,4,4,0,4,4,2,4,2,5,4,2,2,"YouTube",4,4,4,{"ua":"Mozilla/5.0 (Linux; Android 10; K) AppleWebKit/537.36 (KHTML, like Gecko) Chrome/145.0.0.0 Mobile Safari/537.36","lang":"en-GB","tz":"Asia/Calcutta","screen":"393x895"},{"_seconds":1772815404,"_nanoseconds":573000000}
"HGtgEEc8mwAOcNLESj3r","20260306_222330_897",156244,26,"Millennials Gen-Y(1981–1996)","Male","Postgraduate","Gynaecology","6–9 hours",4,3,4,4,2,4,3,3,4,5,5,5,4,5,4,2,4,"X (Twitter)",4,5,5,{"ua":"Mozilla/5.0 (Linux; Android 10; K) AppleWebKit/537.36 (KHTML, like Gecko) Chrome/143.0.0.0 Mobile Safari/537.36","lang":"en-US","tz":"Asia/Calcutta","screen":"393x873"},{"_seconds":1772816167,"_nanoseconds":783000000}
"HewamiEvNgtMHTPKvkmq","20260401_114520_160",503490,26,"Millennials Gen-Y(1981–1996)","Female","Postgraduate","Library and information science","1–3 hours",4,4,4,4,4,3,4,3,4,4,4,4,2,4,5,2,2,"Instagram , Facebook",3,4,4,{"ua":"Mozilla/5.0 (Linux; Android 10; K) AppleWebKit/537.36 (KHTML, like Gecko) Chrome/144.0.0.0 Mobile Safari/537.36","lang":"en-GB","tz":"Asia/Calcutta","screen":"424x946"},{"_seconds":1775024624,"_nanoseconds":392000000}
"HkmF2ygfOYdsL51ULIxH","20260309_153746_906",147904,26,"Gen Z (1997–2012)","Male","Postgraduate","Physical Science","3–6 hours",5,4,4,4,4,2,2,5,4,5,4,4,4,4,4,3,3,"Facebook, YouTube",3,4,4,{"ua":"Mozilla/5.0 (Linux; Android 10; K) AppleWebKit/537.36 (KHTML, like Gecko) Chrome/145.0.0.0 Mobile Safari/537.36","lang":"en-IN","tz":"Asia/Calcutta","screen":"385x854"},{"_seconds":1773051016,"_nanoseconds":801000000}
"IAsu8nTkISlnlCyG8Him","20260402_104927_433",395165,26,"Millennials Gen-Y(1981–1996)","Female","Doctoral (PhD)","Psychology","6–9 hours",5,4,3,4,4,3,2,4,4,4,3,4,3,4,4,4,3,"Facebook, YouTube, WhatsApp, X (Twitter)",4,4,4,{"ua":"Mozilla/5.0 (Linux; Android 10; K) AppleWebKit/537.36 (KHTML, like Gecko) Chrome/146.0.0.0 Mobile Safari/537.36","lang":"en-US","tz":"Asia/Calcutta","screen":"393x873"},{"_seconds":1775107563,"_nanoseconds":688000000}
"IGRgKC5DjsubDNUnnEO5","20260306_101856_339",160066,26,"Gen Z (1997–2012)","Male","Postgraduate","Economics and mathematics","6–9 hours",4,5,5,5,1,1,4,1,5,5,5,5,1,5,5,1,1,"Facebook, WhatsApp",5,5,5,{"ua":"Mozilla/5.0 (Linux; Android 10; K) AppleWebKit/537.36 (KHTML, like Gecko) Chrome/145.0.0.0 Mobile Safari/537.36","lang":"en-GB","tz":"Asia/Calcutta","screen":"434x965"},{"_seconds":1772772696,"_nanoseconds":594000000}
"Ibnq9jCnLgvDuO6TOGCL","20260309_150011_794",22284,26,"Gen Z (1997–2012)","Male","Postgraduate",null,"Less than 1 hour",3,4,2,4,5,2,1,1,4,4,3,2,1,4,4,2,1,"Instagram , Facebook, YouTube, WhatsApp, X (Twitter), Search Engines (Google/Bing/Yahoo etc), AI tools (ChatGPT/Gemini etc), Online news websites",2,1,4,{"ua":"Mozilla/5.0 (Linux; Android 10; K) AppleWebKit/537.36 (KHTML, like Gecko) Chrome/139.0.0.0 Mobile Safari/537.36","lang":"en-GB","tz":"Asia/Calcutta","screen":"376x835"},{"_seconds":1773048634,"_nanoseconds":907000000}
"IsZdEQOxLLcZrJvKcNEo","20260309_145129_366",184956,26,"Gen Z (1997–2012)","Female","Postgraduate","Library and Information Science","More than 9 hours",5,3,5,3,5,4,5,4,5,5,5,5,2,5,4,3,2,"Instagram , Facebook, YouTube, WhatsApp, X (Twitter)",2,4,5,{"ua":"Mozilla/5.0 (iPhone; CPU iPhone OS 18_7 like Mac OS X) AppleWebKit/605.1.15 (KHTML, like Gecko) Version/26.1 Mobile/15E148 Safari/604.1","lang":"en-IN","tz":"Asia/Calcutta","screen":"390x844"},{"_seconds":1773048274,"_nanoseconds":994000000}
"JJDhXTHlDS0VR4eIV2l6","20260305_182550_451",171978,26,"Gen Z (1997–2012)","Male","Postgraduate","Economics","6–9 hours",5,2,4,4,2,4,4,3,5,5,2,5,5,4,4,4,4,"X (Twitter)",1,2,4,{"ua":"Mozilla/5.0 (iPhone; CPU iPhone OS 18_7 like Mac OS X) AppleWebKit/605.1.15 (KHTML, like Gecko) Version/26.3 Mobile/15E148 Safari/604.1","lang":"en-IN","tz":"Asia/Calcutta","screen":"390x844"},{"_seconds":1772715522,"_nanoseconds":826000000}
"JPRfOmSxQe2fO4xbXBhs","20260309_141733_975",159718,26,"Gen Z (1997–2012)","Female","Undergraduate","BSC","3–6 hours",4,3,4,2,4,5,1,2,4,3,4,5,1,2,3,4,3,"Instagram , Facebook, WhatsApp, X (Twitter), AI tools (ChatGPT/Gemini etc), Online news websites",3,3,4,{"ua":"Mozilla/5.0 (Linux; Android 10; K) AppleWebKit/537.36 (KHTML, like Gecko) Chrome/145.0.0.0 Safari/537.36","lang":"en-IN","tz":"Asia/Calcutta","screen":"800x1280"},{"_seconds":1773046213,"_nanoseconds":701000000}
"Jgg9qOMbD2ZLK1X1b4sg","20260403_190628_716",249776,26,"Gen Z (1997–2012)","Male","Postgraduate","LAW","3–6 hours",4,2,4,5,5,2,3,3,4,4,4,5,5,3,5,1,5,"Instagram , Facebook, YouTube, WhatsApp, Search Engines (Google/Bing/Yahoo etc), AI tools (ChatGPT/Gemini etc), Online news websites",1,4,3,{"ua":"Mozilla/5.0 (Linux; Android 10; K) AppleWebKit/537.36 (KHTML, like Gecko) Chrome/146.0.0.0 Mobile Safari/537.36","lang":"en-GB","tz":"Asia/Calcutta","screen":"393x851"},{"_seconds":1775223639,"_nanoseconds":519000000}
"KJ9CwqayS5UlhQf3TSMp","20260401_150159_508",188759,26,"Gen Z (1997–2012)","Male","Undergraduate","BCOM","3–6 hours",4,3,3,4,2,2,2,3,2,3,4,4,4,2,4,4,4,"X (Twitter)",4,4,4,{"ua":"Mozilla/5.0 (iPhone; CPU iPhone OS 26_4_0 like Mac OS X) AppleWebKit/605.1.15 (KHTML, like Gecko) CriOS/146.0.7680.151 Mobile/15E148 Safari/604.1","lang":"en-IN","tz":"Asia/Calcutta","screen":"430x932"},{"_seconds":1775036108,"_nanoseconds":873000000}
"KMgUzXTU6EBqf609vSxi","20260406_230832_105",325788,26,"Millennials Gen-Y(1981–1996)","Male","Doctoral (PhD)","Nanotechnology","6–9 hours",4,1,2,4,4,1,2,3,3,4,4,5,3,4,4,4,4,"Instagram , Facebook, YouTube, WhatsApp, X (Twitter), Online news websites",4,4,4,{"ua":"Mozilla/5.0 (Linux; Android 10; K) AppleWebKit/537.36 (KHTML, like Gecko) Chrome/146.0.0.0 Mobile Safari/537.36","lang":"en-GB","tz":"Asia/Calcutta","screen":"393x851"},{"_seconds":1775497438,"_nanoseconds":794000000}
"KZF42kK7LAOOnUwLX3XR","20260306_220218_751",34476,26,"Gen Z (1997–2012)","Male","Undergraduate",null,"Less than 1 hour",5,5,5,5,5,5,5,5,5,5,5,5,4,5,5,5,5,"Instagram , Facebook, WhatsApp, X (Twitter)",4,4,4,{"ua":"Mozilla/5.0 (Linux; Android 10; K) AppleWebKit/537.36 (KHTML, like Gecko) Chrome/142.0.0.0 Mobile Safari/537.36","lang":"en-IN","tz":"Asia/Calcutta","screen":"377x837"},{"_seconds":1772814773,"_nanoseconds":685000000}
"KyzaVre8QSfrMM20VdKb","20260401_124410_274",174655,26,"Gen Z (1997–2012)","Male","Doctoral (PhD)","GEOGRAPHY","3–6 hours",4,3,3,4,4,2,2,3,3,3,2,5,2,4,4,3,3,"Facebook",3,4,3,{"ua":"Mozilla/5.0 (Windows NT 10.0; Win64; x64) AppleWebKit/537.36 (KHTML, like Gecko) Chrome/146.0.0.0 Safari/537.36","lang":"en-GB","tz":"Asia/Calcutta","screen":"1536x864"},{"_seconds":1775027827,"_nanoseconds":282000000}
"L42aLczmuZd3vrU13DJT","20260401_112921_101",202311,26,"Gen Z (1997–2012)","Male","Postgraduate","Library and information science","1–3 hours",5,3,4,5,5,1,5,2,5,4,3,5,1,5,5,2,3,"Instagram , Facebook, WhatsApp",5,4,5,{"ua":"Mozilla/5.0 (Linux; Android 10; K) AppleWebKit/537.36 (KHTML, like Gecko) Chrome/146.0.0.0 Mobile Safari/537.36","lang":"en-GB","tz":"Asia/Calcutta","screen":"360x802"},{"_seconds":1775023364,"_nanoseconds":249000000}
"LkAq0XpNoaUxDb7cIuyp","20260401_160612_186",300905,26,"Millennials Gen-Y(1981–1996)","Female","Postgraduate","Social Science","1–3 hours",4,3,4,2,4,4,4,2,4,3,2,4,2,4,5,4,3,"Instagram , Facebook, WhatsApp",2,2,3,{"ua":"Mozilla/5.0 (Linux; Android 10; K) AppleWebKit/537.36 (KHTML, like Gecko) Chrome/146.0.0.0 Mobile Safari/537.36","lang":"en-IN","tz":"Asia/Calcutta","screen":"393x876"},{"_seconds":1775040074,"_nanoseconds":245000000}
"M6NEMM9QPjhVSzmwMZcM","20260401_211624_808",274726,26,"Gen Z (1997–2012)","Male","Undergraduate","Bsc zoology","3–6 hours",4,4,4,3,4,4,1,3,5,5,4,5,4,4,5,3,2,"Facebook, Online news websites",4,4,4,{"ua":"Mozilla/5.0 (Linux; Android 10; K) AppleWebKit/537.36 (KHTML, like Gecko) Chrome/146.0.0.0 Mobile Safari/537.36","lang":"en-IN","tz":"Asia/Calcutta","screen":"384x832"},{"_seconds":1775058661,"_nanoseconds":35000000}
"M8JlQfJ1FTLfJNOgyf3o","20260309_190252_967",259759,26,"Gen Z (1997–2012)","Male","Postgraduate","Social science","3–6 hours",4,3,4,3,4,2,2,3,4,4,3,3,2,4,4,1,1,"Facebook",4,4,4,{"ua":"Mozilla/5.0 (Linux; Android 10; K) AppleWebKit/537.36 (KHTML, like Gecko) Chrome/145.0.0.0 Mobile Safari/537.36","lang":"en-GB","tz":"Asia/Calcutta","screen":"424x946"},{"_seconds":1773063433,"_nanoseconds":821000000}
"M9FwXfOgJLmmyqeUiQTa","20260401_155105_820",226549,26,"Millennials Gen-Y(1981–1996)","Male","Doctoral (PhD)",null,"3–6 hours",1,4,0,3,0,3,3,2,5,5,5,5,3,5,5,2,4,"null",0,5,5,{"ua":"Mozilla/5.0 (Linux; Android 10; K) AppleWebKit/537.36 (KHTML, like Gecko) Chrome/146.0.0.0 Mobile Safari/537.36","lang":"en-US","tz":"Asia/Calcutta","screen":"384x832"},{"_seconds":1775039093,"_nanoseconds":385000000}
"MCyMfHfQzdI6pp2DmpNX","20260306_135619_24",116857,26,"Gen Z (1997–2012)","Male","Undergraduate","Engineering","3–6 hours",4,4,4,2,3,3,2,3,3,2,4,5,4,3,3,2,3,"Instagram , Facebook, X (Twitter)",2,4,4,{"ua":"Mozilla/5.0 (Linux; Android 10; K) AppleWebKit/537.36 (KHTML, like Gecko) Chrome/145.0.0.0 Mobile Safari/537.36","lang":"en-US","tz":"Asia/Calcutta","screen":"360x804"},{"_seconds":1772785697,"_nanoseconds":378000000}
"MHZKvnMZI0SwoLatWinv","20260402_101953_63",171539,26,"Gen Z (1997–2012)","Male","Undergraduate","BCOM commerce","3–6 hours",4,2,4,4,2,2,2,3,4,4,4,4,5,4,4,4,3,"X (Twitter)",4,4,4,{"ua":"Mozilla/5.0 (iPhone; CPU iPhone OS 26_4_0 like Mac OS X) AppleWebKit/605.1.15 (KHTML, like Gecko) CriOS/146.0.7680.151 Mobile/15E148 Safari/604.1","lang":"en-IN","tz":"Asia/Calcutta","screen":"430x932"},{"_seconds":1775105564,"_nanoseconds":916000000}
"MbgQxSgjnnLcOYbs41hi","20260309_053045_172",255198,26,"Gen Z (1997–2012)","Male","Postgraduate",null,"6–9 hours",4,4,3,3,3,2,2,2,2,4,5,5,1,5,5,1,3,"Instagram , Facebook, YouTube, WhatsApp",5,4,4,{"ua":"Mozilla/5.0 (iPhone; CPU iPhone OS 26_2_1 like Mac OS X) AppleWebKit/605.1.15 (KHTML, like Gecko) Mobile/23C71 Twitter for iPhone/11.71","lang":"en-IN","tz":"Asia/Calcutta","screen":"390x844"},{"_seconds":1773014700,"_nanoseconds":655000000}
"MfYi3nXJbe1EcO7ClDRC","20260401_211418_724",212716,26,"Gen Z (1997–2012)","Male","Undergraduate","Medical","3–6 hours",4,4,3,4,3,2,2,3,4,4,4,4,4,5,5,3,3,"null",4,3,4,{"ua":"Mozilla/5.0 (Linux; Android 10; K) AppleWebKit/537.36 (KHTML, like Gecko) Chrome/139.0.0.0 Mobile Safari/537.36","lang":"en-GB","tz":"Asia/Calcutta","screen":"360x800"},{"_seconds":1775058471,"_nanoseconds":662000000}
"NCkCTvZjAEZcd7CbIkJB","20260401_113922_250",911208,26,"Gen Z (1997–2012)","Male","Doctoral (PhD)","Library and Information Science","More than 9 hours",4,2,4,2,4,2,4,3,4,4,4,4,3,4,4,2,2,"Instagram , Facebook, YouTube, WhatsApp, AI tools (ChatGPT/Gemini etc)",3,4,4,{"ua":"Mozilla/5.0 (Linux; Android 10; K) AppleWebKit/537.36 (KHTML, like Gecko) Chrome/146.0.0.0 Mobile Safari/537.36","lang":"en-IN","tz":"Asia/Calcutta","screen":"384x857"},{"_seconds":1775024675,"_nanoseconds":54000000}
"NEyZd6JK0DwXviFBCqOK","20260401_115900_347",282895,26,"Gen Z (1997–2012)","Male","Postgraduate",null,"3–6 hours",4,4,5,4,5,1,1,5,4,4,4,5,1,4,5,3,2,"Instagram , Facebook, WhatsApp, Online news websites",3,4,4,{"ua":"Mozilla/5.0 (iPhone; CPU iPhone OS 18_7 like Mac OS X) AppleWebKit/605.1.15 (KHTML, like Gecko) Version/26.3 Mobile/15E148 Safari/604.1","lang":"en-IN","tz":"Asia/Calcutta","screen":"393x852"},{"_seconds":1775025225,"_nanoseconds":412000000}
"NmkTgnAVUXsqKUrWVfBQ","20260309_152446_158",305324,26,"Gen Z (1997–2012)","Female","Postgraduate","Library science","3–6 hours",5,1,5,5,4,3,3,3,3,4,3,4,2,5,5,1,3,"Instagram ",3,3,4,{"ua":"Mozilla/5.0 (Linux; Android 10; K) AppleWebKit/537.36 (KHTML, like Gecko) Chrome/145.0.0.0 Mobile Safari/537.36","lang":"en-US","tz":"Asia/Calcutta","screen":"360x800"},{"_seconds":1773050394,"_nanoseconds":874000000}
"NrTW9CHZrnE6IHY6nVKa","20260401_115128_442",300140,26,"Millennials Gen-Y(1981–1996)","Female","Doctoral (PhD)","History","3–6 hours",4,4,4,4,4,3,4,4,5,5,5,5,3,3,5,4,4,"Instagram , Facebook, X (Twitter)",5,4,4,{"ua":"Mozilla/5.0 (Linux; Android 10; K) AppleWebKit/537.36 (KHTML, like Gecko) Chrome/146.0.0.0 Mobile Safari/537.36","lang":"en-IN","tz":"Asia/Calcutta","screen":"384x832"},{"_seconds":1775024790,"_nanoseconds":457000000}
"Okd4DFFo8AcQMAyFyEcU","20260309_150303_148",21980,26,"Gen Alpha (2013–present)","Male","Doctoral (PhD)",null,"Less than 1 hour",4,3,2,3,4,4,5,5,5,5,5,5,4,5,5,5,5,"Instagram , Facebook",5,5,5,{"ua":"Mozilla/5.0 (Linux; Android 10; K) AppleWebKit/537.36 (KHTML, like Gecko) Chrome/139.0.0.0 Mobile Safari/537.36","lang":"en-GB","tz":"Asia/Calcutta","screen":"376x835"},{"_seconds":1773048805,"_nanoseconds":955000000}
"Oo8k5tZyQlqunORtJWEK","20260309_085146_308",196965,26,"Gen Z (1997–2012)","Female","Postgraduate","BSC Nursing","1–3 hours",4,5,5,5,4,2,3,3,3,4,5,5,1,4,4,4,4,"Facebook",1,3,3,{"ua":"Mozilla/5.0 (Linux; Android 10; K) AppleWebKit/537.36 (KHTML, like Gecko) Chrome/145.0.0.0 Mobile Safari/537.36","lang":"en-IN","tz":"Asia/Calcutta","screen":"491x1091"},{"_seconds":1773026704,"_nanoseconds":104000000}
"PEMio9Y1ykMjcRYp8Svg","20260402_164405_525",204564,26,"Gen Z (1997–2012)","Female","Undergraduate","Medicine physiotherapy","6–9 hours",3,4,2,2,4,1,2,2,4,5,4,5,3,4,3,2,3,"Facebook",3,5,5,{"ua":"Mozilla/5.0 (Linux; Android 10; K) AppleWebKit/537.36 (KHTML, like Gecko) Chrome/143.0.0.0 Mobile Safari/537.36","lang":"en-US","tz":"Asia/Calcutta","screen":"385x854"},{"_seconds":1775128652,"_nanoseconds":213000000}
"PEQAL5jNh6qxzwVQGv5J","20260408_142905_377",169387,26,"Gen Z (1997–2012)","Male","Doctoral (PhD)","Artificial intelligence","More than 9 hours",4,3,4,5,5,5,5,5,4,5,4,5,3,5,4,5,4,"Instagram , Facebook",4,4,5,{"ua":"Mozilla/5.0 (Linux; Android 10; K) AppleWebKit/537.36 (KHTML, like Gecko) Chrome/146.0.0.0 Mobile Safari/537.36","lang":"en-GB","tz":"Asia/Calcutta","screen":"360x800"},{"_seconds":1775638915,"_nanoseconds":839000000}
"PQwF9WZcpBiB5qAirobT","20260305_230643_672",293271,26,"Gen Z (1997–2012)","Female","Undergraduate",null,"6–9 hours",3,3,3,2,3,3,2,2,5,4,4,4,3,3,3,2,3,"Instagram , X (Twitter)",4,3,4,{"ua":"Mozilla/5.0 (Linux; Android 10; K) AppleWebKit/537.36 (KHTML, like Gecko) Chrome/145.0.0.0 Mobile Safari/537.36","lang":"en-GB","tz":"Asia/Calcutta","screen":"424x946"},{"_seconds":1772732309,"_nanoseconds":218000000}
"PdSRw20YJKd6WaZSzjLn","20260306_214245_671",231832,26,"Millennials Gen-Y(1981–1996)","Male","Doctoral (PhD)","Pediatrics and Neonatology","More than 9 hours",5,3,4,4,2,2,1,2,5,5,5,5,1,5,4,2,2,"Facebook",4,4,5,{"ua":"Mozilla/5.0 (Linux; Android 10; K) AppleWebKit/537.36 (KHTML, like Gecko) Chrome/145.0.0.0 Mobile Safari/537.36","lang":"en-US","tz":"Asia/Calcutta","screen":"393x864"},{"_seconds":1772813801,"_nanoseconds":193000000}
"PhbUssJBpn442nPbBzLb","20260407_121331_975",304968,26,"Gen Z (1997–2012)","Female","Postgraduate","Political science","3–6 hours",4,4,4,4,3,2,3,3,3,4,4,5,2,4,5,2,2,"Instagram , WhatsApp",4,4,4,{"ua":"Mozilla/5.0 (iPhone; CPU iPhone OS 15_8_7 like Mac OS X) AppleWebKit/605.1.15 (KHTML, like Gecko) Version/15.6.8 Mobile/15E148 Safari/604.1","lang":"en-IN","tz":"Asia/Calcutta","screen":"375x667"},{"_seconds":1775544517,"_nanoseconds":990000000}
"Py8PzzBh3DhpRJ71CNAZ","20260310_050118_208",366436,26,"Millennials Gen-Y(1981–1996)","Female","Doctoral (PhD)","Library and Information Science 🫣","6–9 hours",5,3,3,4,4,4,3,3,4,5,3,4,2,4,4,4,3,"Instagram , Facebook, YouTube",4,3,5,{"ua":"Mozilla/5.0 (Linux; Android 10; K) AppleWebKit/537.36 (KHTML, like Gecko) Chrome/145.0.0.0 Mobile Safari/537.36","lang":"en-US","tz":"Asia/Calcutta","screen":"412x915"},{"_seconds":1773099444,"_nanoseconds":607000000}
"Q5A1vZzQUyvSHaEi2ivB","20260403_173342_591",246297,26,"Gen Z (1997–2012)","Male","Undergraduate","Engineering","6–9 hours",4,4,3,4,2,4,4,3,1,5,4,5,5,3,1,5,1,"Online news websites",5,5,5,{"ua":"Mozilla/5.0 (Linux; Android 10; K) AppleWebKit/537.36 (KHTML, like Gecko) SamsungBrowser/29.0 Chrome/136.0.0.0 Mobile Safari/537.36","lang":"en-IN","tz":"Asia/Calcutta","screen":"384x832"},{"_seconds":1775218069,"_nanoseconds":167000000}
"QBBtRwiGdxdoDb8HoiW6","20260401_224548_665",279778,26,"Gen Z (1997–2012)","Male","Undergraduate","Literature","1–3 hours",3,4,3,2,3,1,4,1,3,4,4,5,3,3,5,2,4,"Instagram , X (Twitter), AI tools (ChatGPT/Gemini etc)",3,3,4,{"ua":"Mozilla/5.0 (Linux; Android 10; K) AppleWebKit/537.36 (KHTML, like Gecko) Chrome/146.0.0.0 Mobile Safari/537.36","lang":"en-GB","tz":"Asia/Calcutta","screen":"360x780"},{"_seconds":1775064029,"_nanoseconds":404000000}
"QKmUnDM754nlV2Vg9jvq","20260404_092828_952",300424,26,"Gen Z (1997–2012)","Female","Doctoral (PhD)",null,"6–9 hours",4,4,4,2,4,2,4,2,5,5,5,5,2,5,5,2,3,"Instagram , Facebook, WhatsApp, Online news websites",3,4,4,{"ua":"Mozilla/5.0 (iPhone; CPU iPhone OS 18_7 like Mac OS X) AppleWebKit/605.1.15 (KHTML, like Gecko) Version/18.7.4 Mobile/15E148 Safari/604.1","lang":"en-IN","tz":"Asia/Calcutta","screen":"414x896"},{"_seconds":1775275409,"_nanoseconds":671000000}
"QpeGHVG0srU4d3ntjxcK","20260401_112448_770",299299,26,"Gen Z (1997–2012)","Male","Doctoral (PhD)",null,"6–9 hours",5,4,4,4,5,3,3,4,3,5,4,4,2,5,5,1,3,"Facebook, WhatsApp, X (Twitter)",3,4,4,{"ua":"Mozilla/5.0 (Linux; Android 10; K) AppleWebKit/537.36 (KHTML, like Gecko) Chrome/144.0.0.0 Mobile Safari/537.36","lang":"en-IN","tz":"Asia/Calcutta","screen":"384x832"},{"_seconds":1775023190,"_nanoseconds":223000000}
"R2r6QDOeQkhIWthHNPFl","20260309_125336_592",330045,26,"Gen Z (1997–2012)","Male","Undergraduate",null,"1–3 hours",5,1,1,4,5,1,3,1,5,5,5,5,1,5,5,2,4,"Instagram , Facebook, WhatsApp, X (Twitter)",4,4,4,{"ua":"Mozilla/5.0 (Linux; Android 10; K) AppleWebKit/537.36 (KHTML, like Gecko) Chrome/139.0.0.0 Mobile Safari/537.36","lang":"en-GB","tz":"Asia/Calcutta","screen":"376x835"},{"_seconds":1773041348,"_nanoseconds":396000000}
"SfzEuwfDuQ4KoXhBW849","20260407_150904_507",348495,26,"Gen Z (1997–2012)","Male","Postgraduate","Physical education","1–3 hours",4,4,4,4,4,3,3,3,3,4,4,4,3,5,5,4,3,"Facebook",3,3,3,{"ua":"Mozilla/5.0 (Linux; Android 10; K) AppleWebKit/537.36 (KHTML, like Gecko) Chrome/146.0.0.0 Mobile Safari/537.36","lang":"en-IN","tz":"Asia/Calcutta","screen":"407x904"},{"_seconds":1775555093,"_nanoseconds":605000000}
"SsJ4fDKQlfVWnLBBUIiF","20260309_062641_216",173959,26,"Gen Z (1997–2012)","Male","Undergraduate","Medicine","3–6 hours",5,3,4,2,4,1,2,3,5,5,3,5,4,5,5,4,5,"Instagram , Facebook, YouTube, WhatsApp, X (Twitter), Online news websites",4,5,5,{"ua":"Mozilla/5.0 (iPhone; CPU iPhone OS 18_7 like Mac OS X) AppleWebKit/605.1.15 (KHTML, like Gecko) Version/26.2 Mobile/15E148 Safari/604.1","lang":"en-IN","tz":"Asia/Calcutta","screen":"390x844"},{"_seconds":1773017976,"_nanoseconds":354000000}
"TMW8MVVJHJa7c5KTuEiI","20260306_054450_344",120732,26,"Gen Z (1997–2012)","Male","Undergraduate",null,"6–9 hours",5,4,4,3,2,1,3,2,4,3,5,5,4,3,3,3,3,"YouTube, WhatsApp, X (Twitter)",5,5,5,{"ua":"Mozilla/5.0 (Linux; Android 10; K) AppleWebKit/537.36 (KHTML, like Gecko) Chrome/145.0.0.0 Mobile Safari/537.36","lang":"en-US","tz":"Asia/Calcutta","screen":"437x973"},{"_seconds":1772756211,"_nanoseconds":773000000}
"TUiBMWv2LHHsEfn8u7Qm","20260402_231607_365",100308,26,"Gen Z (1997–2012)","Male","Undergraduate","Lawyer","6–9 hours",3,3,4,2,3,4,4,4,3,3,4,3,3,4,3,2,1,"Instagram , YouTube, X (Twitter)",4,3,3,{"ua":"Mozilla/5.0 (Linux; Android 10; K) AppleWebKit/537.36 (KHTML, like Gecko) Chrome/146.0.0.0 Mobile Safari/537.36","lang":"en-US","tz":"Asia/Calcutta","screen":"424x946"},{"_seconds":1775152069,"_nanoseconds":971000000}
"TbiKTn74joPOqFYgFZqw","20260407_082107_585",251556,26,"Millennials Gen-Y(1981–1996)","Male","Postgraduate","Mlis","1–3 hours",5,3,4,4,4,1,2,3,3,4,3,4,2,4,4,3,2,"Instagram , Facebook, Online news websites",4,4,4,{"ua":"Mozilla/5.0 (Linux; Android 10; K) AppleWebKit/537.36 (KHTML, like Gecko) Chrome/145.0.0.0 Mobile Safari/537.36","lang":"en-GB","tz":"Asia/Calcutta","screen":"320x712"},{"_seconds":1775530520,"_nanoseconds":248000000}
"U43bwgd0BNBUy01yzBw3","20260401_121602_96",71926,26,"Millennials Gen-Y(1981–1996)","Female","Doctoral (PhD)",null,"3–6 hours",4,3,4,4,3,2,2,1,3,4,4,5,2,4,3,3,2,"WhatsApp",2,2,3,{"ua":"Mozilla/5.0 (Linux; Android 10; K) AppleWebKit/537.36 (KHTML, like Gecko) Chrome/146.0.0.0 Mobile Safari/537.36","lang":"en-GB","tz":"Asia/Calcutta","screen":"360x792"},{"_seconds":1775026036,"_nanoseconds":121000000}
"UAe1bBkIUhIShq9TxlCN","20260406_222134_869",302349,26,"Millennials Gen-Y(1981–1996)","Male","Postgraduate",null,"1–3 hours",4,4,4,3,4,2,2,3,2,4,4,4,0,0,0,0,0,"null",0,0,0,{"ua":"Mozilla/5.0 (Linux; Android 10; K) AppleWebKit/537.36 (KHTML, like Gecko) SamsungBrowser/29.0 Chrome/136.0.0.0 Mobile Safari/537.36","lang":"en-IN","tz":"Asia/Calcutta","screen":"384x832"},{"_seconds":1775494597,"_nanoseconds":605000000}
"UWe4uOtPLWU7dv8qKRxR","20260401_200907_195",237316,26,"Gen Z (1997–2012)","Female","Undergraduate","Medicine","More than 9 hours",4,3,4,2,4,3,4,3,2,3,3,5,4,4,4,4,2,"Instagram , Facebook, X (Twitter)",4,3,5,{"ua":"Mozilla/5.0 (iPhone; CPU iPhone OS 18_7 like Mac OS X) AppleWebKit/605.1.15 (KHTML, like Gecko) Version/26.3 Mobile/15E148 Safari/604.1","lang":"en-IN","tz":"Asia/Calcutta","screen":"430x932"},{"_seconds":1775054584,"_nanoseconds":774000000}
"UZ9BHXvAv596Wl4XNWjD","20260401_223519_859",135665,26,"Gen Z (1997–2012)","Female","Undergraduate",null,"6–9 hours",5,3,4,5,4,3,4,3,3,4,5,4,5,3,3,4,2,"X (Twitter)",3,3,4,{"ua":"Mozilla/5.0 (Linux; Android 10; K) AppleWebKit/537.36 (KHTML, like Gecko) Chrome/146.0.0.0 Mobile Safari/537.36","lang":"en-US","tz":"Asia/Calcutta","screen":"393x873"},{"_seconds":1775063257,"_nanoseconds":641000000}
"UZdAojm2zBwk6gfRNrQc","20260406_223202_287",205864,26,"Gen Z (1997–2012)","Male","Doctoral (PhD)","High energy physics","6–9 hours",4,1,3,4,4,2,2,1,2,4,5,5,3,5,4,2,4,"Instagram , Search Engines (Google/Bing/Yahoo etc), Online news websites",1,4,4,{"ua":"Mozilla/5.0 (Linux; Android 10; K) AppleWebKit/537.36 (KHTML, like Gecko) Chrome/146.0.0.0 Mobile Safari/537.36","lang":"en-US","tz":"Asia/Calcutta","screen":"360x780"},{"_seconds":1775495130,"_nanoseconds":325000000}
"VNsE28dhu96MnXnaDKCq","20260307_054634_691",224251,26,"Gen Z (1997–2012)","Male","Undergraduate",null,"3–6 hours",5,5,4,2,5,2,3,2,5,5,5,5,2,5,5,1,1,"X (Twitter)",4,5,5,{"ua":"Mozilla/5.0 (Linux; Android 10; K) AppleWebKit/537.36 (KHTML, like Gecko) Chrome/145.0.0.0 Mobile Safari/537.36","lang":"en-US","tz":"Asia/Calcutta","screen":"393x873"},{"_seconds":1772842820,"_nanoseconds":773000000}
"VYbnTEv8EG9P0ONgDW0I","20260305_141105_609",166573,26,"Gen Z (1997–2012)","Male","Undergraduate","math","3–6 hours",5,5,5,3,4,1,1,3,5,5,4,5,3,3,4,4,4,"Instagram , Facebook",3,2,4,{"ua":"Mozilla/5.0 (Windows NT 10.0; Win64; x64) AppleWebKit/537.36 (KHTML, like Gecko) Chrome/145.0.0.0 Safari/537.36","lang":"en-US","tz":"Asia/Calcutta","screen":"1280x720"},{"_seconds":1772700232,"_nanoseconds":755000000}
"VccroHYB8lWu9i5GYUlL","20260306_015627_35",180874,26,"Millennials Gen-Y(1981–1996)","Male","Postgraduate",null,"3–6 hours",5,5,3,3,2,1,1,5,5,5,5,5,3,5,5,4,1,"Instagram , Facebook, YouTube, WhatsApp, X (Twitter), Search Engines (Google/Bing/Yahoo etc), Online news websites",5,5,5,{"ua":"Mozilla/5.0 (Linux; Android 10; K) AppleWebKit/537.36 (KHTML, like Gecko) Chrome/145.0.0.0 Mobile Safari/537.36","lang":"en-GB","tz":"Asia/Calcutta","screen":"360x800"},{"_seconds":1772742568,"_nanoseconds":578000000}
"VuHBmPczBZ1T7P3Y4JDK","20260402_102221_748",224795,26,"Gen Z (1997–2012)","Female","Postgraduate","Library and information science","1–3 hours",1,3,4,3,4,2,3,3,4,5,5,4,4,5,3,4,3,"Instagram , Facebook, WhatsApp, X (Twitter)",4,3,5,{"ua":"Mozilla/5.0 (Linux; Android 10; K) AppleWebKit/537.36 (KHTML, like Gecko) Chrome/146.0.0.0 Mobile Safari/537.36","lang":"en-GB","tz":"Asia/Calcutta","screen":"393x851"},{"_seconds":1775105768,"_nanoseconds":31000000}
"VwfcFmLzRwY3lQAeiGjk","20260407_095245_503",459420,26,"Millennials Gen-Y(1981–1996)","Female","Doctoral (PhD)","Education","3–6 hours",4,4,4,3,4,3,3,4,4,4,3,3,2,5,4,2,4,"YouTube, Search Engines (Google/Bing/Yahoo etc), AI tools (ChatGPT/Gemini etc), Online news websites",4,4,4,{"ua":"Mozilla/5.0 (Linux; Android 10; K) AppleWebKit/537.36 (KHTML, like Gecko) Chrome/146.0.0.0 Mobile Safari/537.36","lang":"en-IN","tz":"Asia/Calcutta","screen":"432x960"},{"_seconds":1775536225,"_nanoseconds":754000000}
"W5x6hniCfLYJwlEEsqiP","20260305_225531_966",169331,26,"Gen Z (1997–2012)","Female","Undergraduate","Zoology","6–9 hours",4,3,3,3,2,1,3,3,4,4,4,5,2,4,5,3,3,"Instagram , Facebook, WhatsApp, X (Twitter)",3,4,4,{"ua":"Mozilla/5.0 (Linux; Android 10; K) AppleWebKit/537.36 (KHTML, like Gecko) SamsungBrowser/29.0 Chrome/136.0.0.0 Mobile Safari/537.36","lang":"en-IN","tz":"Asia/Calcutta","screen":"412x892"},{"_seconds":1772731701,"_nanoseconds":695000000}
"WKa5i78xW4iyazvQmitc","20260311_195735_782",455081,26,"Gen Z (1997–2012)","Male","Doctoral (PhD)",null,"6–9 hours",5,4,4,3,3,4,4,4,4,4,4,5,3,4,5,4,3,"YouTube, WhatsApp, X (Twitter)",4,4,4,{"ua":"Mozilla/5.0 (Linux; Android 10; K) AppleWebKit/537.36 (KHTML, like Gecko) Chrome/145.0.0.0 Mobile Safari/537.36","lang":"en-IN","tz":"Asia/Calcutta","screen":"384x832"},{"_seconds":1773239711,"_nanoseconds":121000000}
"WVfAlfYJqb2RhXSZAgAK","20260309_150220_101",211956,26,"Gen Z (1997–2012)","Female","Postgraduate","Library and information science","6–9 hours",4,3,4,3,3,2,2,3,4,4,3,4,2,4,4,2,4,"Facebook, WhatsApp",2,3,3,{"ua":"Mozilla/5.0 (iPhone; CPU iPhone OS 18_7 like Mac OS X) AppleWebKit/605.1.15 (KHTML, like Gecko) Version/26.2 Mobile/15E148 Safari/604.1","lang":"en-IN","tz":"Asia/Calcutta","screen":"393x852"},{"_seconds":1773048952,"_nanoseconds":665000000}
"WX67D1JDSM0ygLwxuD9z","20260309_150822_618",30365,26,"Gen Z (1997–2012)","Male","Doctoral (PhD)","Phd in biochemistry","6–9 hours",5,3,2,3,4,5,3,2,5,2,3,5,2,4,2,4,1,"Instagram , Facebook, YouTube, WhatsApp",3,2,2,{"ua":"Mozilla/5.0 (Linux; Android 10; K) AppleWebKit/537.36 (KHTML, like Gecko) Chrome/139.0.0.0 Mobile Safari/537.36","lang":"en-GB","tz":"Asia/Calcutta","screen":"376x835"},{"_seconds":1773049133,"_nanoseconds":958000000}
"Wj5WVWp3XVRa7VWkQaPc","20260401_163738_108",215735,26,"Gen Z (1997–2012)","Male","Doctoral (PhD)","Data Mining","3–6 hours",4,1,4,1,4,4,3,2,4,5,4,4,1,4,5,2,2,"Facebook, X (Twitter)",4,4,1,{"ua":"Mozilla/5.0 (Linux; Android 10; K) AppleWebKit/537.36 (KHTML, like Gecko) Chrome/146.0.0.0 Mobile Safari/537.36","lang":"en-US","tz":"Asia/Calcutta","screen":"393x873"},{"_seconds":1775041874,"_nanoseconds":374000000}
"Wk67u0kltBozqgMaO0yg","20260402_192835_649",233702,26,"Gen Z (1997–2012)","Female","Postgraduate","Humanities and library and information sciences","1–3 hours",4,3,2,3,4,2,2,2,4,4,4,5,1,5,5,1,2,"WhatsApp, Online news websites",4,3,4,{"ua":"Mozilla/5.0 (Linux; Android 10; K) AppleWebKit/537.36 (KHTML, like Gecko) Chrome/146.0.0.0 Mobile Safari/537.36","lang":"en-US","tz":"Asia/Calcutta","screen":"360x780"},{"_seconds":1775138503,"_nanoseconds":745000000}
"WxERDBgjpFGTnZJC8Jv0","20260314_162709_74",147584,26,"Gen Z (1997–2012)","Male","Undergraduate",null,"1–3 hours",4,3,4,3,3,2,4,2,3,4,3,5,4,3,4,3,4,"Instagram , Facebook, WhatsApp, X (Twitter)",3,3,4,{"ua":"Mozilla/5.0 (Linux; Android 10; K) AppleWebKit/537.36 (KHTML, like Gecko) Chrome/145.0.0.0 Mobile Safari/537.36","lang":"en-GB","tz":"Asia/Calcutta","screen":"360x800"},{"_seconds":1773485975,"_nanoseconds":249000000}
"XoALhD5S6kICbtddT6Vb","20260406_221528_986",172971,26,"Millennials Gen-Y(1981–1996)","Male","Doctoral (PhD)","Botany","3–6 hours",5,2,5,5,3,2,1,5,4,5,4,5,5,5,5,4,1,"Facebook, WhatsApp, X (Twitter)",4,5,5,{"ua":"Mozilla/5.0 (Linux; Android 10; K) AppleWebKit/537.36 (KHTML, like Gecko) Chrome/146.0.0.0 Mobile Safari/537.36","lang":"en-US","tz":"Asia/Calcutta","screen":"393x895"},{"_seconds":1775494103,"_nanoseconds":603000000}
"Xp8sk09bdYFzLSkKDzcZ","20260401_190037_382",185909,26,"Gen Z (1997–2012)","Male","Doctoral (PhD)","Commerce","3–6 hours",5,4,5,1,5,1,1,2,5,4,5,4,2,4,4,2,3,"Instagram ",4,3,4,{"ua":"Mozilla/5.0 (iPhone; CPU iPhone OS 18_7 like Mac OS X) AppleWebKit/605.1.15 (KHTML, like Gecko) Version/26.4 Mobile/15E148 Safari/604.1","lang":"en-IN","tz":"Asia/Calcutta","screen":"390x844"},{"_seconds":1775050423,"_nanoseconds":998000000}
"YMIvQO1CgbfOP7cP7uI3","20260401_154444_207",230706,26,"Gen Z (1997–2012)","Female","Postgraduate","Education","3–6 hours",5,5,4,4,5,4,4,4,4,4,4,4,3,4,4,3,4,"Facebook",4,4,4,{"ua":"Mozilla/5.0 (Linux; Android 10; K) AppleWebKit/537.36 (KHTML, like Gecko) Chrome/146.0.0.0 Mobile Safari/537.36","lang":"en-GB","tz":"Asia/Calcutta","screen":"384x832"},{"_seconds":1775038715,"_nanoseconds":323000000}
"Z3S4XVwrDmsnPDKiFVnX","20260306_062022_703",245287,26,"Gen Z (1997–2012)","Male","Undergraduate","Medical","6–9 hours",4,4,2,3,4,2,4,2,2,2,2,5,4,4,3,4,2,"X (Twitter)",3,3,4,{"ua":"Mozilla/5.0 (Linux; Android 10; K) AppleWebKit/537.36 (KHTML, like Gecko) Chrome/145.0.0.0 Mobile Safari/537.36","lang":"en-IN","tz":"Asia/Calcutta","screen":"393x895"},{"_seconds":1772758468,"_nanoseconds":829000000}
"Z6SCT10rfzW3V7nS52b4","20260406_222309_731",407971,26,"Gen Z (1997–2012)","Female","Undergraduate","MLIS","3–6 hours",5,3,4,5,5,3,4,3,3,5,3,5,3,4,3,4,4,"Facebook",3,4,4,{"ua":"Mozilla/5.0 (Linux; Android 10; K) AppleWebKit/537.36 (KHTML, like Gecko) Chrome/145.0.0.0 Mobile Safari/537.36","lang":"en-GB","tz":"Asia/Calcutta","screen":"385x854"},{"_seconds":1775494800,"_nanoseconds":125000000}
"Z8uhzKnAXEARSGcD2bH2","20260401_202622_212",140651,26,"Gen Z (1997–2012)","Male","Postgraduate","Physics","3–6 hours",3,3,4,1,2,3,4,1,3,4,5,4,1,4,4,1,4,"Instagram , Facebook, WhatsApp, X (Twitter)",3,4,5,{"ua":"Mozilla/5.0 (Linux; Android 10; K) AppleWebKit/537.36 (KHTML, like Gecko) Chrome/146.0.0.0 Mobile Safari/537.36","lang":"en-IN","tz":"Asia/Calcutta","screen":"393x886"},{"_seconds":1775055524,"_nanoseconds":189000000}
"ZEkofskwMvEXGQNgpUWi","20260401_114355_114",125250,26,"Gen Z (1997–2012)","Male","Postgraduate",null,"6–9 hours",5,5,5,5,1,5,5,5,5,5,5,5,5,5,5,3,2,"Instagram , Facebook, WhatsApp, Search Engines (Google/Bing/Yahoo etc), AI tools (ChatGPT/Gemini etc), Online news websites",5,5,5,{"ua":"Mozilla/5.0 (iPhone; CPU iPhone OS 18_7_6 like Mac OS X) AppleWebKit/605.1.15 (KHTML, like Gecko) Mobile/22H320 Twitter for iPhone/11.77.1","lang":"en-IN","tz":"Asia/Calcutta","screen":"375x812"},{"_seconds":1775024161,"_nanoseconds":503000000}
"ZwYnrY0Q22hTMepH3WeW","20260402_105727_886",219492,26,"Gen Alpha (2013–present)","Prefer not to say","Postgraduate",null,"6–9 hours",5,4,4,5,5,3,2,4,5,5,4,5,2,4,4,4,4,"Facebook, YouTube, WhatsApp, X (Twitter)",3,4,4,{"ua":"Mozilla/5.0 (Linux; Android 10; K) AppleWebKit/537.36 (KHTML, like Gecko) Chrome/146.0.0.0 Mobile Safari/537.36","lang":"en-US","tz":"Asia/Calcutta","screen":"393x873"},{"_seconds":1775107868,"_nanoseconds":433000000}
"a6hbBpW58QN3nuQ8XSed","20260318_020107_580",260822,26,"Gen Z (1997–2012)","Female","Doctoral (PhD)","Philosophy","6–9 hours",4,2,5,2,4,3,4,1,5,5,5,5,2,4,4,2,1,"Instagram , Facebook, X (Twitter), AI tools (ChatGPT/Gemini etc), Online news websites",4,4,5,{"ua":"Mozilla/5.0 (Linux; Android 10; K) AppleWebKit/537.36 (KHTML, like Gecko) Chrome/145.0.0.0 Mobile Safari/537.36","lang":"en-GB","tz":"Asia/Calcutta","screen":"360x780"},{"_seconds":1773779728,"_nanoseconds":892000000}
"aJ9d3TBFea55T45LFK8w","20260407_134842_713",295399,26,"Gen Z (1997–2012)","Male","Postgraduate","Physical education","3–6 hours",4,3,3,4,2,2,2,2,3,4,3,5,1,2,4,2,3,"Instagram , Facebook, WhatsApp",5,4,4,{"ua":"Mozilla/5.0 (Linux; Android 10; K) AppleWebKit/537.36 (KHTML, like Gecko) Chrome/146.0.0.0 Mobile Safari/537.36","lang":"en-IN","tz":"Asia/Calcutta","screen":"376x835"},{"_seconds":1775550219,"_nanoseconds":828000000}
"aonooAdGp9e12H9dvv1f","20260309_174004_537",147021,26,"Gen Z (1997–2012)","Male","Undergraduate","Medicine","6–9 hours",5,4,1,4,4,5,2,3,3,4,4,4,1,4,4,5,2,"Facebook",3,4,3,{"ua":"Mozilla/5.0 (iPhone; CPU iPhone OS 26_3_1 like Mac OS X) AppleWebKit/605.1.15 (KHTML, like Gecko) Mobile/23D8133 Twitter for iPhone/11.71.1","lang":"en-IN","tz":"Asia/Calcutta","screen":"414x896"},{"_seconds":1773058352,"_nanoseconds":281000000}
"bqCIgB5gtbTkWojnWVoO","20260309_031016_247",258408,26,"Gen Z (1997–2012)","Male","Undergraduate","medical","3–6 hours",5,4,3,1,3,1,3,2,4,1,1,1,3,4,4,4,3,"Facebook, X (Twitter)",5,5,5,{"ua":"Mozilla/5.0 (iPhone; CPU iPhone OS 18_3_1 like Mac OS X) AppleWebKit/605.1.15 (KHTML, like Gecko) CriOS/145.0.7632.108 Mobile/15E148 Safari/604.1","lang":"en-IN","tz":"Asia/Calcutta","screen":"390x844"},{"_seconds":1773006275,"_nanoseconds":294000000}
"cUGUclFgKKnZwK4zFtTZ","20260406_223606_486",375030,26,"Millennials Gen-Y(1981–1996)","Male","Postgraduate","Library science","6–9 hours",4,3,4,3,2,2,2,3,4,4,5,5,3,5,5,2,3,"Instagram , Facebook, AI tools (ChatGPT/Gemini etc), Online news websites",3,5,5,{"ua":"Mozilla/5.0 (Linux; Android 10; K) AppleWebKit/537.36 (KHTML, like Gecko) Chrome/146.0.0.0 Mobile Safari/537.36","lang":"en-US","tz":"Asia/Calcutta","screen":"360x806"},{"_seconds":1775495545,"_nanoseconds":429000000}
"cpUXFgvttBTjXzEOqwHz","20260402_131542_985",155856,26,"Gen Z (1997–2012)","Male","Undergraduate","bsc physics","More than 9 hours",5,4,4,4,2,3,3,4,4,4,5,5,4,3,4,3,4,"X (Twitter)",3,3,4,{"ua":"Mozilla/5.0 (Linux; Android 10; K) AppleWebKit/537.36 (KHTML, like Gecko) Chrome/146.0.0.0 Mobile Safari/537.36","lang":"en-US","tz":"Asia/Calcutta","screen":"360x800"},{"_seconds":1775116098,"_nanoseconds":454000000}
"cvKF3Jh1kRXC0CM8BBzG","20260402_063551_318",193039,26,"Gen Z (1997–2012)","Female","Undergraduate","MBBS","3–6 hours",4,3,3,2,4,1,3,2,3,4,4,5,3,4,5,3,4,"Instagram , WhatsApp, X (Twitter)",2,3,4,{"ua":"Mozilla/5.0 (Linux; Android 10; K) AppleWebKit/537.36 (KHTML, like Gecko) Chrome/146.0.0.0 Mobile Safari/537.36","lang":"en-IN","tz":"Asia/Calcutta","screen":"360x800"},{"_seconds":1775092146,"_nanoseconds":824000000}
"cyWnh6fMGQWmgsf75msQ","20260307_180055_597",247056,26,"Gen Z (1997–2012)","Male","Postgraduate","Political science","6–9 hours",5,4,3,3,4,1,2,2,4,4,4,4,2,4,4,2,2,"Instagram , Facebook, YouTube, X (Twitter), Online news websites",4,4,4,{"ua":"Mozilla/5.0 (Linux; Android 10; K) AppleWebKit/537.36 (KHTML, like Gecko) Chrome/145.0.0.0 Mobile Safari/537.36","lang":"en-US","tz":"Asia/Calcutta","screen":"393x851"},{"_seconds":1772886904,"_nanoseconds":88000000}
"dBjqPGFs5ojQql6oXLwQ","20260305_221127_922",177676,26,"Gen Z (1997–2012)","Female","Undergraduate","Zoology","6–9 hours",4,4,3,3,2,1,4,3,4,5,4,5,2,4,4,3,2,"Instagram , Facebook, X (Twitter)",4,4,5,{"ua":"Mozilla/5.0 (Linux; Android 10; K) AppleWebKit/537.36 (KHTML, like Gecko) SamsungBrowser/29.0 Chrome/136.0.0.0 Mobile Safari/537.36","lang":"en-IN","tz":"Asia/Calcutta","screen":"412x892"},{"_seconds":1772729066,"_nanoseconds":94000000}
"dQzrw3tZ4z7YLV4UGg8X","20260309_150111_262",29135,26,"Millennials Gen-Y(1981–1996)","Male","Doctoral (PhD)",null,"6–9 hours",5,4,4,4,3,4,4,5,5,4,4,4,2,5,5,5,4,"Instagram , Facebook, YouTube, WhatsApp, X (Twitter), Search Engines (Google/Bing/Yahoo etc), AI tools (ChatGPT/Gemini etc), Online news websites",4,5,5,{"ua":"Mozilla/5.0 (Linux; Android 10; K) AppleWebKit/537.36 (KHTML, like Gecko) Chrome/139.0.0.0 Mobile Safari/537.36","lang":"en-GB","tz":"Asia/Calcutta","screen":"376x835"},{"_seconds":1773048701,"_nanoseconds":184000000}
"dq10C32oI0RUA4tYh4GN","20260309_150219_123",21279,26,"Millennials Gen-Y(1981–1996)","Prefer not to say","Higher Secondary",null,"More than 9 hours",5,4,5,5,5,5,5,5,5,5,5,5,4,4,4,4,5,4,4,5,{"ua":"Mozilla/5.0 (Linux; Android 10; K) AppleWebKit/537.36 (KHTML, like Gecko) Chrome/139.0.0.0 Mobile Safari/537.36","lang":"en-GB","tz":"Asia/Calcutta","screen":"376x835"},{"_seconds":1773048761,"_nanoseconds":295000000}
"dz7OL3KcK8MnME1kzd7I","20260305_230634_146",133541,26,"Gen Z (1997–2012)","Male","Postgraduate",null,"6–9 hours",3,2,4,4,3,3,4,1,3,5,4,4,5,3,4,1,5,"null",4,2,4,{"ua":"Mozilla/5.0 (Linux; Android 10; K) AppleWebKit/537.36 (KHTML, like Gecko) Chrome/144.0.0.0 Mobile Safari/537.36","lang":"en-IN","tz":"Asia/Calcutta","screen":"384x832"},{"_seconds":1772732328,"_nanoseconds":125000000}
"ecLJnnZCEPoOxjFzFlMG","20260309_124641_287",118997,26,"Gen Z (1997–2012)","Male","Postgraduate","history","3–6 hours",2,3,3,4,4,4,4,4,2,4,4,4,1,4,4,1,4,"YouTube",3,3,4,{"ua":"Mozilla/5.0 (Linux; Android 10; K) AppleWebKit/537.36 (KHTML, like Gecko) Chrome/145.0.0.0 Mobile Safari/537.36","lang":"en-IN","tz":"Asia/Calcutta","screen":"360x760"},{"_seconds":1773040729,"_nanoseconds":60000000}
"fTjjbMu2sGsQzODhuLLx","20260309_112931_91",186202,26,"Millennials Gen-Y(1981–1996)","Male","Postgraduate",null,"1–3 hours",3,4,4,3,4,2,2,3,4,4,5,5,2,4,4,4,4,"Facebook",4,4,4,{"ua":"Mozilla/5.0 (Linux; Android 10; K) AppleWebKit/537.36 (KHTML, like Gecko) Chrome/145.0.0.0 Mobile Safari/537.36","lang":"en-IN","tz":"Asia/Calcutta","screen":"384x832"},{"_seconds":1773036157,"_nanoseconds":374000000}
"fyf4goFRmMqOAvqif1gV","20260402_091303_376",150828,26,"Gen Z (1997–2012)","Female","Undergraduate",null,"3–6 hours",4,4,4,3,4,2,2,3,4,4,4,4,4,4,4,4,2,"Facebook",4,3,4,{"ua":"Mozilla/5.0 (Linux; Android 10; K) AppleWebKit/537.36 (KHTML, like Gecko) Chrome/146.0.0.0 Mobile Safari/537.36","lang":"en-US","tz":"Asia/Calcutta","screen":"393x873"},{"_seconds":1775101534,"_nanoseconds":636000000}
"g2TOsamYiYvkyoCyEYYl","20260406_222615_499",210690,26,"Gen Z (1997–2012)","Female","Postgraduate","Mlis","1–3 hours",4,4,3,4,4,4,3,4,3,4,3,5,3,4,4,2,3,"Facebook",3,3,4,{"ua":"Mozilla/5.0 (iPhone; CPU iPhone OS 18_3_1 like Mac OS X) AppleWebKit/605.1.15 (KHTML, like Gecko) Version/18.3 Mobile/15E148 Safari/604.1","lang":"en-GB","tz":"Asia/Calcutta","screen":"390x844"},{"_seconds":1775494787,"_nanoseconds":189000000}
"g5ByLDtWf9muuTgeRinR","20260309_220016_423",218921,26,"Gen Z (1997–2012)","Male","Postgraduate","Library and information science","3–6 hours",4,2,4,2,5,3,2,5,5,4,4,4,4,4,4,4,4,"Facebook, WhatsApp, AI tools (ChatGPT/Gemini etc)",4,4,5,{"ua":"Mozilla/5.0 (Linux; Android 10; K) AppleWebKit/537.36 (KHTML, like Gecko) Chrome/142.0.0.0 Mobile Safari/537.36","lang":"en-GB","tz":"Asia/Calcutta","screen":"393x873"},{"_seconds":1773074036,"_nanoseconds":661000000}
"g5W6lvKVFcCokR8Akj8R","20260401_113022_269",117543,26,"Millennials Gen-Y(1981–1996)","Female","Doctoral (PhD)","Hhhgv","1–3 hours",1,3,4,5,1,1,1,1,2,4,4,2,1,3,4,3,2,"Facebook, X (Twitter), AI tools (ChatGPT/Gemini etc)",1,5,2,{"ua":"Mozilla/5.0 (iPhone; CPU iPhone OS 18_7 like Mac OS X) AppleWebKit/605.1.15 (KHTML, like Gecko) Version/26.2 Mobile/15E148 Safari/604.1","lang":"en-IN","tz":"Asia/Calcutta","screen":"402x874"},{"_seconds":1775023341,"_nanoseconds":553000000}
"gGLG5fny7CLsyFVWiinB","20260309_172506_489",325867,26,"Millennials Gen-Y(1981–1996)","Male","Postgraduate",null,"1–3 hours",4,3,4,3,4,4,4,3,4,3,4,5,4,3,4,3,4,"Instagram , Facebook, X (Twitter), AI tools (ChatGPT/Gemini etc), Online news websites",3,4,4,{"ua":"Mozilla/5.0 (Linux; Android 10; K) AppleWebKit/537.36 (KHTML, like Gecko) Chrome/145.0.0.0 Mobile Safari/537.36","lang":"en-IN","tz":"Asia/Calcutta","screen":"412x906"},{"_seconds":1773057635,"_nanoseconds":720000000}
"gGmtB6dErqVxpl1OVd7m","20260401_112326_562",303450,26,"Millennials Gen-Y(1981–1996)","Male","Doctoral (PhD)",null,"1–3 hours",4,2,4,3,3,3,3,3,2,4,4,4,3,3,4,4,4,"Instagram , Facebook, AI tools (ChatGPT/Gemini etc)",4,4,5,{"ua":"Mozilla/5.0 (Linux; Android 10; K) AppleWebKit/537.36 (KHTML, like Gecko) Chrome/146.0.0.0 Mobile Safari/537.36","lang":"en-US","tz":"Asia/Calcutta","screen":"393x886"},{"_seconds":1775023110,"_nanoseconds":981000000}
"gs8lN9ZojXnDPbka68uy","20260402_230123_500",160487,26,"Gen Z (1997–2012)","Female","Postgraduate","Law","1–3 hours",4,4,3,3,4,3,2,3,4,4,4,4,2,5,5,2,5,"X (Twitter)",4,4,4,{"ua":"Mozilla/5.0 (Linux; Android 10; K) AppleWebKit/537.36 (KHTML, like Gecko) Chrome/144.0.0.0 Mobile Safari/537.36","lang":"en-IN","tz":"Asia/Calcutta","screen":"393x873"},{"_seconds":1775151244,"_nanoseconds":403000000}
"hBA4MRxAViqEWeYw6t5O","20260308_234540_675",265058,26,"Gen Z (1997–2012)","Male","Postgraduate","Computer science engineering","3–6 hours",1,1,1,1,1,2,1,1,1,1,1,1,1,1,1,1,2,"Facebook, X (Twitter), Online news websites",1,1,1,{"ua":"Mozilla/5.0 (iPhone; CPU iPhone OS 26_3 like Mac OS X) AppleWebKit/605.1.15 (KHTML, like Gecko) Mobile/23D127 Twitter for iPhone/11.71.1","lang":"en-US","tz":"Asia/Calcutta","screen":"390x844"},{"_seconds":1772994006,"_nanoseconds":125000000}
"hKzQcChAIdt0K3IL9Ci0","20260406_221549_378",182023,26,"Gen Z (1997–2012)","Male","Postgraduate","International relations","6–9 hours",5,4,4,4,4,1,1,2,2,5,4,5,1,4,4,4,2,"Instagram , Facebook",3,4,4,{"ua":"Mozilla/5.0 (Linux; Android 10; K) AppleWebKit/537.36 (KHTML, like Gecko) Chrome/146.0.0.0 Mobile Safari/537.36","lang":"en-IN","tz":"Asia/Calcutta","screen":"393x851"},{"_seconds":1775494131,"_nanoseconds":870000000}
"hSLfZOayWcg6li7UErbT","20260408_204047_672",258905,26,"Gen Z (1997–2012)","Female","Doctoral (PhD)","History","1–3 hours",1,3,4,4,5,2,2,3,5,4,4,5,2,5,5,3,3,"null",4,4,4,{"ua":"Mozilla/5.0 (Linux; Android 10; K) AppleWebKit/537.36 (KHTML, like Gecko) Chrome/146.0.0.0 Mobile Safari/537.36","lang":"en-US","tz":"Asia/Calcutta","screen":"360x800"},{"_seconds":1775661307,"_nanoseconds":640000000}
"hfj2FqrDXEaKGW9DanvJ","20260305_230105_939",203591,26,"Gen Z (1997–2012)","Male","Postgraduate","Engineering","3–6 hours",3,2,3,3,4,4,2,4,5,5,4,5,2,4,5,3,4,"Facebook, X (Twitter)",4,4,4,{"ua":"Mozilla/5.0 (Linux; Android 10; K) AppleWebKit/537.36 (KHTML, like Gecko) Chrome/145.0.0.0 Mobile Safari/537.36","lang":"en-IN","tz":"Asia/Calcutta","screen":"360x800"},{"_seconds":1772732027,"_nanoseconds":957000000}
"iEeLBOETHalVUy3MpsBA","20260401_160615_838",198559,26,"Gen Z (1997–2012)","Male","Postgraduate","Radiology","1–3 hours",3,5,3,1,1,1,5,1,5,5,5,5,2,5,3,1,2,"Instagram , X (Twitter)",5,5,5,{"ua":"Mozilla/5.0 (Linux; Android 10; K) AppleWebKit/537.36 (KHTML, like Gecko) Chrome/146.0.0.0 Mobile Safari/537.36","lang":"en-US","tz":"Europe/London","screen":"360x780"},{"_seconds":1775056181,"_nanoseconds":275000000}
"iTC70tiEWkKwfQvkjC60","20260325_220438_462",279334,26,"Gen Z (1997–2012)","Male","Undergraduate","Economics","3–6 hours",5,5,4,3,5,1,3,3,3,5,4,5,2,5,5,4,4,"Instagram , YouTube, WhatsApp, X (Twitter), Online news websites",4,4,5,{"ua":"Mozilla/5.0 (Linux; Android 10; K) AppleWebKit/537.36 (KHTML, like Gecko) Chrome/146.0.0.0 Mobile Safari/537.36","lang":"en-US","tz":"Asia/Calcutta","screen":"412x917"},{"_seconds":1774456759,"_nanoseconds":619000000}
"iTWapz7dm8BnPyAybegJ","20260306_100958_827",209242,26,"Gen Z (1997–2012)","Female","Undergraduate","Bachelors in Science","3–6 hours",4,3,4,2,4,5,3,3,3,5,4,5,1,4,5,4,3,"Facebook, WhatsApp, X (Twitter), Online news websites",2,4,5,{"ua":"Mozilla/5.0 (Linux; Android 10; K) AppleWebKit/537.36 (KHTML, like Gecko) Chrome/145.0.0.0 Safari/537.36","lang":"en-IN","tz":"Asia/Calcutta","screen":"800x1280"},{"_seconds":1772772208,"_nanoseconds":739000000}
"iemvxRHE1ky8nid0Whg9","20260406_222625_83",330366,26,"Millennials Gen-Y(1981–1996)","Male","Doctoral (PhD)","Sports","3–6 hours",3,4,3,3,4,2,3,2,4,4,3,3,3,4,4,4,3,"Facebook",3,3,4,{"ua":"Mozilla/5.0 (Linux; Android 16; SM-A156E) AppleWebKit/537.36 (KHTML, like Gecko) JioSphere/6.0.3 Chrome/136.0.7103.125 Mobile Safari/537.36","lang":"en-US","tz":"Asia/Calcutta","screen":"412x892"},{"_seconds":1775494915,"_nanoseconds":873000000}
"jw82N2LabiuYTUF3aFFn","20260401_205143_643",299419,26,"Gen Z (1997–2012)","Male","Postgraduate",null,"6–9 hours",4,3,4,4,5,3,2,2,4,4,4,4,3,4,4,4,4,"Facebook, X (Twitter)",3,4,4,{"ua":"Mozilla/5.0 (Linux; Android 10; K) AppleWebKit/537.36 (KHTML, like Gecko) Chrome/139.0.0.0 Mobile Safari/537.36","lang":"en-GB","tz":"Asia/Calcutta","screen":"424x942"},{"_seconds":1775057205,"_nanoseconds":368000000}
"kJulnHwEkzBuq3r8GpE1","20260309_151734_574",399430,26,"Millennials Gen-Y(1981–1996)","Female","Doctoral (PhD)","Library and information science","3–6 hours",4,3,4,4,5,4,3,4,4,4,3,4,3,4,4,4,3,"Instagram , Facebook, AI tools (ChatGPT/Gemini etc)",4,4,5,{"ua":"Mozilla/5.0 (Linux; Android 10; K) AppleWebKit/537.36 (KHTML, like Gecko) Chrome/145.0.0.0 Mobile Safari/537.36","lang":"en-US","tz":"Asia/Calcutta","screen":"385x854"},{"_seconds":1773050054,"_nanoseconds":728000000}
"lOggDVccqtKf5sRGdKci","20260406_221849_329",159903,26,null,"Male","Doctoral (PhD)","Poetry","3–6 hours",3,3,3,3,4,2,4,3,5,5,5,4,5,4,5,2,3,"YouTube, AI tools (ChatGPT/Gemini etc)",3,5,3,{"ua":"Mozilla/5.0 (Linux; Android 10; K) AppleWebKit/537.36 (KHTML, like Gecko) Chrome/146.0.0.0 Mobile Safari/537.36","lang":"en-US","tz":"Asia/Calcutta","screen":"393x873"},{"_seconds":1775494291,"_nanoseconds":9000000}
"m9kWn9FpzokusZHusE6y","20260306_070225_343",113574,26,"Gen Z (1997–2012)","Male","Undergraduate","Btech","6–9 hours",4,4,4,4,3,4,4,3,5,5,4,4,4,3,4,4,4,"Instagram , Facebook, X (Twitter)",4,3,4,{"ua":"Mozilla/5.0 (Linux; Android 10; K) AppleWebKit/537.36 (KHTML, like Gecko) Chrome/145.0.0.0 Mobile Safari/537.36","lang":"en-US","tz":"Asia/Calcutta","screen":"360x800"},{"_seconds":1772760859,"_nanoseconds":814000000}
"mlhJx4FSVrz25PWxWfx4","20260401_112713_132",157681,26,"Millennials Gen-Y(1981–1996)","Male","Postgraduate","Social Science","3–6 hours",3,2,4,3,2,3,3,3,5,5,3,5,1,5,5,1,3,"Facebook, X (Twitter), AI tools (ChatGPT/Gemini etc), Online news websites",5,3,5,{"ua":"Mozilla/5.0 (Linux; Android 10; K) AppleWebKit/537.36 (KHTML, like Gecko) Chrome/146.0.0.0 Mobile Safari/537.36","lang":"en-GB","tz":"Asia/Calcutta","screen":"412x919"},{"_seconds":1775023191,"_nanoseconds":971000000}
"mur8UDVEU3QZct3hnl2q","20260402_220620_449",227678,26,"Gen Z (1997–2012)","Female","Undergraduate","Computer, math, economics.. basically ICS","3–6 hours",4,5,0,5,3,3,3,4,3,4,1,5,5,3,4,4,4,"Instagram , WhatsApp",3,4,4,{"ua":"Mozilla/5.0 (Windows NT 10.0; Win64; x64) AppleWebKit/537.36 (KHTML, like Gecko) Chrome/144.0.0.0 Safari/537.36 OPR/128.0.0.0","lang":"en-US","tz":"Asia/Karachi","screen":"1366x768"},{"_seconds":1775149811,"_nanoseconds":653000000}
"nB5CReMsEFjsbGR6Z1RJ","20260306_195256_511",157928,26,"Gen Z (1997–2012)","Male","Undergraduate","Medicine","3–6 hours",4,4,3,3,5,3,3,2,4,5,4,4,1,5,4,4,3,"Instagram , Facebook, X (Twitter)",3,4,3,{"ua":"Mozilla/5.0 (iPhone; CPU iPhone OS 26_3_1 like Mac OS X) AppleWebKit/605.1.15 (KHTML, like Gecko) Mobile/23D8133 Twitter for iPhone/11.71","lang":"en-IN","tz":"Asia/Calcutta","screen":"414x896"},{"_seconds":1772807135,"_nanoseconds":1000000}
"nGTVSQYrZfuas2vRWd2h","20260401_170659_752",270079,26,"Millennials Gen-Y(1981–1996)","Male","Postgraduate","Philosophy","6–9 hours",2,3,1,1,1,1,3,4,5,5,5,5,1,5,5,3,5,"Instagram , Facebook, WhatsApp, Online news websites",5,5,5,{"ua":"Mozilla/5.0 (Linux; Android 10; K) AppleWebKit/537.36 (KHTML, like Gecko) SamsungBrowser/29.0 Chrome/136.0.0.0 Mobile Safari/537.36","lang":"en-GB","tz":"Asia/Calcutta","screen":"412x915"},{"_seconds":1775043690,"_nanoseconds":433000000}
"nMyUwIlGneZgrX2o7QdS","20260401_120026_211",213879,26,"Gen Z (1997–2012)","Male","Undergraduate","Law","More than 9 hours",5,5,4,4,5,2,1,2,5,5,4,5,3,5,5,4,5,"Instagram , Facebook, X (Twitter)",5,4,5,{"ua":"Mozilla/5.0 (Linux; Android 10; K) AppleWebKit/537.36 (KHTML, like Gecko) Chrome/146.0.0.0 Mobile Safari/537.36","lang":"en-GB","tz":"Asia/Calcutta","screen":"432x960"},{"_seconds":1775025240,"_nanoseconds":729000000}
"nmG5uVmdFTOQ5SP5phhF","20260402_205210_939",128705,26,"Gen Z (1997–2012)","Male","Undergraduate","Medicine","6–9 hours",5,4,4,3,4,4,5,2,5,5,4,5,4,5,5,3,3,"Facebook, WhatsApp",4,4,5,{"ua":"Mozilla/5.0 (Linux; Android 10; K) AppleWebKit/537.36 (KHTML, like Gecko) Chrome/146.0.0.0 Mobile Safari/537.36","lang":"en-IN","tz":"Asia/Calcutta","screen":"450x1025"},{"_seconds":1775143460,"_nanoseconds":626000000}
"o76A5quvHiquhBb5snmN","20260406_230324_645",164427,26,"Gen Z (1997–2012)","Male","Doctoral (PhD)","Lis","3–6 hours",4,4,3,5,4,2,2,4,4,2,2,4,3,4,4,2,4,"Online news websites",2,3,4,{"ua":"Mozilla/5.0 (Linux; Android 10; K) AppleWebKit/537.36 (KHTML, like Gecko) Chrome/146.0.0.0 Mobile Safari/537.36","lang":"en-IN","tz":"Asia/Calcutta","screen":"376x835"},{"_seconds":1775496969,"_nanoseconds":232000000}
"oSIB5UuADVFLcgc7wVB9","20260309_145912_678",31033,26,"Gen Z (1997–2012)","Male","Postgraduate",null,"Less than 1 hour",1,4,1,4,2,4,3,1,4,5,4,3,1,5,3,2,4,"Instagram , YouTube, WhatsApp, X (Twitter)",3,1,5,{"ua":"Mozilla/5.0 (Linux; Android 10; K) AppleWebKit/537.36 (KHTML, like Gecko) Chrome/139.0.0.0 Mobile Safari/537.36","lang":"en-GB","tz":"Asia/Calcutta","screen":"376x835"},{"_seconds":1773048584,"_nanoseconds":827000000}
"oSmnJdK9yM6DVYu6WB4g","20260401_120351_116",273660,26,"Gen Z (1997–2012)","Male","Postgraduate","Medical","1–3 hours",4,4,4,4,4,3,2,4,2,4,3,4,4,3,4,4,4,"Instagram ",1,4,5,{"ua":"Mozilla/5.0 (Linux; Android 10; K) AppleWebKit/537.36 (KHTML, like Gecko) Chrome/146.0.0.0 Mobile Safari/537.36","lang":"en-GB","tz":"Asia/Calcutta","screen":"360x780"},{"_seconds":1775025506,"_nanoseconds":249000000}
"obyDJ7MwZx8PrwJqyvNU","20260306_220148_361",24367,26,"Gen Z (1997–2012)","Male","Undergraduate",null,"Less than 1 hour",1,1,1,1,1,1,1,1,1,1,1,1,1,2,1,1,1,"Instagram , Facebook",1,1,1,{"ua":"Mozilla/5.0 (Linux; Android 10; K) AppleWebKit/537.36 (KHTML, like Gecko) Chrome/142.0.0.0 Mobile Safari/537.36","lang":"en-IN","tz":"Asia/Calcutta","screen":"377x837"},{"_seconds":1772814733,"_nanoseconds":509000000}
"odpfA0UyNV56vjwvUkMz","20260405_111722_287",284845,26,"Millennials Gen-Y(1981–1996)","Female","Doctoral (PhD)","Mass communication and journalism","3–6 hours",5,4,4,4,3,2,2,2,4,5,3,4,2,4,4,3,2,"Instagram , Facebook, YouTube, WhatsApp, X (Twitter)",4,4,4,{"ua":"Mozilla/5.0 (iPhone; CPU iPhone OS 17_5_1 like Mac OS X) AppleWebKit/605.1.15 (KHTML, like Gecko) Version/17.5 Mobile/15E148 Safari/604.1","lang":"en-IN","tz":"Asia/Calcutta","screen":"390x844"},{"_seconds":1775368327,"_nanoseconds":855000000}
"oh0EfQ0U7FEmNk9LadQs","20260306_221221_298",287086,26,"Millennials Gen-Y(1981–1996)","Male","Undergraduate","Electronics Engineering","3–6 hours",4,3,3,3,4,2,2,2,4,4,4,4,3,5,5,3,3,"Instagram , Facebook, X (Twitter)",4,4,4,{"ua":"Mozilla/5.0 (Linux; Android 10; K) AppleWebKit/537.36 (KHTML, like Gecko) Chrome/145.0.0.0 Mobile Safari/537.36","lang":"en-US","tz":"Asia/Calcutta","screen":"384x832"},{"_seconds":1772815628,"_nanoseconds":707000000}
"oqmZvVQbFCYR5cUrph24","20260407_083528_307",406423,26,"Gen Alpha (2013–present)","Male","Postgraduate","Library and information science","1–3 hours",4,4,4,4,4,4,4,4,4,4,4,4,4,4,4,4,4,"Facebook, AI tools (ChatGPT/Gemini etc), Online news websites",4,4,4,{"ua":"Mozilla/5.0 (Linux; Android 10; K) AppleWebKit/537.36 (KHTML, like Gecko) Chrome/146.0.0.0 Mobile Safari/537.36","lang":"en","tz":"Asia/Calcutta","screen":"360x802"},{"_seconds":1775531536,"_nanoseconds":717000000}
"ouh4Slfn4IdwHyuKkwAb","20260401_145657_459",188611,26,"Millennials Gen-Y(1981–1996)","Female","Doctoral (PhD)","Sociology","1–3 hours",5,3,3,4,4,3,2,2,4,4,4,4,1,5,4,1,4,"Instagram , AI tools (ChatGPT/Gemini etc)",2,2,4,{"ua":"Mozilla/5.0 (Linux; Android 10; CPH2095) AppleWebKit/537.36 (KHTML, like Gecko) Chrome/83.0.4103.106 Mobile Safari/537.36","lang":"en-US","tz":"Asia/Calcutta","screen":"360x800"},{"_seconds":1775035803,"_nanoseconds":241000000}
"pCx3KXpbheHiStYxJlqi","20260309_130055_31",44152,26,"Gen Z (1997–2012)","Male","Postgraduate",null,"Less than 1 hour",4,1,4,1,3,5,2,1,4,3,1,3,4,2,4,1,4,"Facebook, WhatsApp, X (Twitter), Search Engines (Google/Bing/Yahoo etc)",3,1,3,{"ua":"Mozilla/5.0 (Linux; Android 10; K) AppleWebKit/537.36 (KHTML, like Gecko) Chrome/139.0.0.0 Mobile Safari/537.36","lang":"en-GB","tz":"Asia/Calcutta","screen":"376x835"},{"_seconds":1773041500,"_nanoseconds":708000000}
"qEn3u4znoZ9UwRgN2IAm","20260402_110200_598",201586,26,"Millennials Gen-Y(1981–1996)","Male","Doctoral (PhD)","Library and Information Science","6–9 hours",5,3,4,4,4,2,2,3,4,4,4,5,2,5,4,4,4,"Instagram , Online news websites",2,3,4,{"ua":"Mozilla/5.0 (Linux; Android 10; K) AppleWebKit/537.36 (KHTML, like Gecko) Chrome/146.0.0.0 Mobile Safari/537.36","lang":"en-GB","tz":"Asia/Calcutta","screen":"360x792"},{"_seconds":1775108123,"_nanoseconds":31000000}
"qSVOdb0EawwnfVrBPCLP","20260407_002014_211",341028,26,"Gen Z (1997–2012)","Male","Doctoral (PhD)","Mass Communication and Journalism","3–6 hours",4,3,4,4,4,2,2,3,3,2,4,4,2,4,4,4,3,"Instagram , Facebook, YouTube, WhatsApp, Online news websites",4,4,4,{"ua":"Mozilla/5.0 (Linux; Android 10; K) AppleWebKit/537.36 (KHTML, like Gecko) Chrome/146.0.0.0 Mobile Safari/537.36","lang":"en-IN","tz":"Asia/Calcutta","screen":"511x1136"},{"_seconds":1775501757,"_nanoseconds":708000000}
"t1l2p5IyALSHNLS0W4NE","20260325_215358_502",427069,26,"Millennials Gen-Y(1981–1996)","Female","Doctoral (PhD)","Statistics","3–6 hours",4,4,4,4,3,3,3,4,4,5,4,5,3,5,5,4,4,"Facebook, WhatsApp",3,4,5,{"ua":"Mozilla/5.0 (Linux; Android 10; K) AppleWebKit/537.36 (KHTML, like Gecko) Chrome/146.0.0.0 Mobile Safari/537.36","lang":"en-GB","tz":"Asia/Calcutta","screen":"360x800"},{"_seconds":1774456267,"_nanoseconds":235000000}
"tS20AcsDeq3v5g4XQTqx","20260401_140653_886",106766,26,"Gen Z (1997–2012)","Male","Doctoral (PhD)","Flash Floods","1–3 hours",4,3,3,3,2,2,3,3,3,3,3,3,2,3,3,3,3,"Facebook, YouTube",3,3,3,{"ua":"Mozilla/5.0 (iPhone; CPU iPhone OS 18_7 like Mac OS X) AppleWebKit/605.1.15 (KHTML, like Gecko) Version/26.4 Mobile/15E148 Safari/604.1","lang":"en-IN","tz":"Asia/Calcutta","screen":"390x844"},{"_seconds":1775032720,"_nanoseconds":950000000}
"tcSEGqWnU33AhFioAh6U","20260309_005925_746",193266,26,"Gen Z (1997–2012)","Male","Undergraduate","MBBS","3–6 hours",5,5,3,5,1,3,5,2,5,5,5,5,3,5,5,3,5,"Instagram , X (Twitter), Online news websites",5,5,5,{"ua":"Mozilla/5.0 (iPhone; CPU iPhone OS 18_7 like Mac OS X) AppleWebKit/605.1.15 (KHTML, like Gecko) Version/26.3 Mobile/15E148 Safari/604.1","lang":"en-IN","tz":"Asia/Dhaka","screen":"390x844"},{"_seconds":1772996559,"_nanoseconds":806000000}
"uUYEhjA5McUNinDN7XWZ","20260406_223409_763",168907,26,"Millennials Gen-Y(1981–1996)","Female","Doctoral (PhD)",null,"More than 9 hours",5,4,4,4,4,5,5,4,3,3,4,4,3,5,4,3,3,"Facebook, Online news websites",2,4,5,{"ua":"Mozilla/5.0 (iPhone; CPU iPhone OS 18_7 like Mac OS X) AppleWebKit/605.1.15 (KHTML, like Gecko) Version/26.2 Mobile/15E148 Safari/604.1","lang":"en-IN","tz":"Asia/Calcutta","screen":"430x932"},{"_seconds":1775495217,"_nanoseconds":325000000}
"uXcjJkqDTBp5D4xwW2qd","20260401_120341_316",190906,26,"Gen Z (1997–2012)","Male","Undergraduate","Economics","1–3 hours",4,3,4,3,4,2,4,1,3,2,4,5,4,5,4,2,4,"Instagram , X (Twitter)",2,3,5,{"ua":"Mozilla/5.0 (Android 15; Mobile; rv:149.0) Gecko/149.0 Firefox/149.0","lang":"en-US","tz":"Asia/Kolkata","screen":"432x960"},{"_seconds":1775025413,"_nanoseconds":174000000}
"uf4RUd9vAV6FOvHeFQaC","20260401_112233_789",213152,26,"Gen Z (1997–2012)","Female","Doctoral (PhD)","Library and information science","3–6 hours",5,4,3,4,3,2,2,4,4,5,4,5,2,4,5,3,4,"Instagram , Facebook, YouTube, WhatsApp",3,4,4,{"ua":"Mozilla/5.0 (Linux; Android 10; K) AppleWebKit/537.36 (KHTML, like Gecko) Chrome/146.0.0.0 Mobile Safari/537.36","lang":"en-US","tz":"Asia/Calcutta","screen":"384x832"},{"_seconds":1775022967,"_nanoseconds":110000000}
"ui9aK3LEsEVlCSTfWUP3","20260401_235109_6",189948,26,"Gen Z (1997–2012)","Male","Undergraduate","Science","3–6 hours",4,4,3,3,3,2,2,3,4,4,4,4,3,4,4,4,4,"X (Twitter)",3,3,4,{"ua":"Mozilla/5.0 (Linux; Android 10; K) AppleWebKit/537.36 (KHTML, like Gecko) Chrome/146.0.0.0 Mobile Safari/537.36","lang":"en-IN","tz":"Asia/Calcutta","screen":"384x832"},{"_seconds":1775067859,"_nanoseconds":303000000}
"utnlMaM5G4GJDQK403rs","20260308_164650_305",40230,26,"Generation X (1965–1980)","Prefer not to say","Higher Secondary","ishfaq","3–6 hours",3,3,3,3,3,3,3,3,3,3,3,3,3,3,3,3,3,"YouTube",3,3,3,{"ua":"Mozilla/5.0 (Windows NT 10.0; Win64; x64) AppleWebKit/537.36 (KHTML, like Gecko) Chrome/145.0.0.0 Safari/537.36","lang":"en-US","tz":"Asia/Calcutta","screen":"1280x720"},{"_seconds":1772968651,"_nanoseconds":166000000}
"v41jEOiydkZkkTZ4RnA0","20260309_150712_720",34687,26,"Generation X (1965–1980)","Prefer not to say","Other",null,"More than 9 hours",5,5,5,5,5,5,5,5,5,5,5,5,4,5,5,5,5,"Search Engines (Google/Bing/Yahoo etc), AI tools (ChatGPT/Gemini etc), Online news websites",5,4,5,{"ua":"Mozilla/5.0 (Linux; Android 10; K) AppleWebKit/537.36 (KHTML, like Gecko) Chrome/139.0.0.0 Mobile Safari/537.36","lang":"en-GB","tz":"Asia/Calcutta","screen":"376x835"},{"_seconds":1773049068,"_nanoseconds":658000000}
"vUH3iArEh2Ew7ZgBcMcY","20260406_222612_4",164646,26,"Gen Alpha (2013–present)","Male","Doctoral (PhD)","Commerce","3–6 hours",4,3,4,5,4,5,4,3,4,5,5,5,4,3,5,4,4,"Facebook, WhatsApp",4,3,4,{"ua":"Mozilla/5.0 (Linux; Android 10; K) AppleWebKit/537.36 (KHTML, like Gecko) Chrome/146.0.0.0 Mobile Safari/537.36","lang":"en-AU","tz":"Asia/Calcutta","screen":"424x946"},{"_seconds":1775494736,"_nanoseconds":663000000}
"vgUFJ8ooEJ5D0uIGTn6L","20260401_230304_530",192248,26,"Gen Z (1997–2012)","Female","Undergraduate","medical","6–9 hours",4,4,3,3,4,3,2,3,4,4,4,5,2,4,4,4,4,"Online news websites",4,4,4,{"ua":"Mozilla/5.0 (Linux; Android 10; K) AppleWebKit/537.36 (KHTML, like Gecko) Chrome/146.0.0.0 Mobile Safari/537.36","lang":"en-GB","tz":"Asia/Calcutta","screen":"360x800"},{"_seconds":1775064978,"_nanoseconds":316000000}
"vsz8EwiTMrhqjS7MvleX","20260306_215549_62",162598,26,"Gen Z (1997–2012)","Male","Undergraduate","Science","3–6 hours",4,4,4,4,4,4,4,4,4,4,3,4,4,4,4,2,2,"Facebook",2,3,4,{"ua":"Mozilla/5.0 (Linux; Android 10; K) AppleWebKit/537.36 (KHTML, like Gecko) Chrome/142.0.0.0 Mobile Safari/537.36","lang":"en-IN","tz":"Asia/Calcutta","screen":"377x837"},{"_seconds":1772814513,"_nanoseconds":161000000}
"wBvBexFshb4mnVV9PfW7","20260407_093313_629",277962,26,"Gen Z (1997–2012)","Male","Doctoral (PhD)",null,"3–6 hours",5,4,4,3,4,2,2,2,4,4,4,4,3,4,4,2,3,"Facebook",3,3,4,{"ua":"Mozilla/5.0 (Android 14; Mobile; rv:149.0) Gecko/149.0 Firefox/149.0","lang":"en-US","tz":"Asia/Kolkata","screen":"384x853"},{"_seconds":1775534871,"_nanoseconds":798000000}
"whQoxHEsFVB9AsF845eI","20260309_000350_46",140339,26,"Gen Z (1997–2012)","Female","Undergraduate","Engineering.","More than 9 hours",5,3,3,2,2,3,4,3,4,4,4,4,2,4,3,4,2,"X (Twitter)",4,4,4,{"ua":"Mozilla/5.0 (Linux; Android 10; K) AppleWebKit/537.36 (KHTML, like Gecko) Chrome/145.0.0.0 Mobile Safari/537.36","lang":"en-IN","tz":"Asia/Calcutta","screen":"384x832"},{"_seconds":1772994971,"_nanoseconds":31000000}
"wqoGzqQMMpvaWCVu2gXh","20260401_111730_850",48969,26,"Millennials Gen-Y(1981–1996)","Male","Postgraduate","Chemistry","3–6 hours",3,3,3,3,3,3,3,3,3,3,3,3,2,2,2,2,2,"Facebook, WhatsApp",3,3,3,{"ua":"Mozilla/5.0 (Windows NT 10.0; Win64; x64) AppleWebKit/537.36 (KHTML, like Gecko) Chrome/147.0.0.0 Safari/537.36 Edg/147.0.0.0","lang":"en-US","tz":"Asia/Calcutta","screen":"1280x720"},{"_seconds":1775022502,"_nanoseconds":332000000}
"wwO1ZzaFQCtG7ccb4auw","20260306_150323_404",119379,26,"Gen Z (1997–2012)","Female","Postgraduate","Economics","3–6 hours",4,4,3,3,4,2,3,4,3,5,4,5,4,4,5,4,5,"Instagram , Facebook, YouTube",4,3,4,{"ua":"Mozilla/5.0 (iPhone; CPU iPhone OS 18_5_0 like Mac OS X) AppleWebKit/605.1.15 (KHTML, like Gecko) CriOS/143.0.7499.108 Mobile/15E148 Safari/604.1","lang":"en-IN","tz":"Asia/Calcutta","screen":"414x896"},{"_seconds":1772789723,"_nanoseconds":433000000}
"x6KOuXCqXuEsDgwz9CBm","20260306_123448_869",150651,26,"Gen Z (1997–2012)","Male","Undergraduate","Medicine","More than 9 hours",5,3,3,5,1,1,1,3,5,5,5,5,3,5,5,2,5,"Instagram , WhatsApp",5,5,4,{"ua":"Mozilla/5.0 (Linux; Android 10; K) AppleWebKit/537.36 (KHTML, like Gecko) Chrome/145.0.0.0 Mobile Safari/537.36","lang":"en-US","tz":"Asia/Calcutta","screen":"393x851"},{"_seconds":1772780843,"_nanoseconds":165000000}
"xk5liGEINmWCHV5c1Q4q","20260406_202442_633",148010,26,"Millennials Gen-Y(1981–1996)","Male","Doctoral (PhD)",null,"6–9 hours",5,4,5,3,4,5,4,2,4,5,4,5,3,4,5,4,4,"X (Twitter), Online news websites",4,4,4,{"ua":"Mozilla/5.0 (Linux; Android 10; K) AppleWebKit/537.36 (KHTML, like Gecko) SamsungBrowser/29.0 Chrome/136.0.0.0 Mobile Safari/537.36","lang":"en-GB","tz":"Asia/Riyadh","screen":"384x854"},{"_seconds":1775496435,"_nanoseconds":980000000}
"xv3ptYRL2D72sDDQmYRQ","20260401_203250_230",132092,26,"Gen Z (1997–2012)","Male","Undergraduate","Civil engineering","6–9 hours",4,4,4,3,4,4,4,4,4,4,4,4,3,4,4,3,4,"YouTube",4,4,4,{"ua":"Mozilla/5.0 (Linux; Android 10; K) AppleWebKit/537.36 (KHTML, like Gecko) Chrome/146.0.0.0 Mobile Safari/537.36","lang":"en-IN","tz":"Asia/Calcutta","screen":"360x804"},{"_seconds":1775055903,"_nanoseconds":853000000}
"yTLrY78gwYLi18Gvibpa","20260309_105131_354",123551,26,"Gen Z (1997–2012)","Male","Undergraduate","Medicine","More than 9 hours",4,2,4,3,3,1,4,2,4,4,4,4,4,4,4,3,4,"Facebook",2,3,4,{"ua":"Mozilla/5.0 (Linux; Android 10; K) AppleWebKit/537.36 (KHTML, like Gecko) Chrome/145.0.0.0 Mobile Safari/537.36","lang":"en-US","tz":"Asia/Calcutta","screen":"393x851"},{"_seconds":1773033816,"_nanoseconds":55000000}
"ycVpeAiAJ1HNFGYlV1pe","20260407_003009_388",198864,26,"Millennials Gen-Y(1981–1996)","Male","Doctoral (PhD)","History","Less than 1 hour",4,4,4,3,3,2,2,4,5,5,4,4,2,4,4,2,1,"Facebook",3,3,4,{"ua":"Mozilla/5.0 (Linux; Android 10; K) AppleWebKit/537.36 (KHTML, like Gecko) Chrome/146.0.0.0 Mobile Safari/537.36","lang":"en-GB","tz":"Asia/Calcutta","screen":"393x870"},{"_seconds":1775502208,"_nanoseconds":858000000}
"ydtBtqPtNhqTR7i0I3of","20260406_224152_349",245504,26,"Gen Z (1997–2012)","Male","Other","Social science","1–3 hours",1,2,3,4,4,1,2,4,4,1,3,1,1,4,4,2,4,"Instagram , Facebook, YouTube",3,4,4,{"ua":"Mozilla/5.0 (Linux; Android 10; K) AppleWebKit/537.36 (KHTML, like Gecko) Chrome/146.0.0.0 Mobile Safari/537.36","lang":"en-IN","tz":"Asia/Calcutta","screen":"407x904"},{"_seconds":1775495759,"_nanoseconds":30000000}
"ykAZG07hFAFqxJoXsivl","20260402_101836_100",172727,26,"Gen Z (1997–2012)","Male","Other","Medicine","1–3 hours",4,4,3,2,2,3,3,3,4,5,5,4,4,4,5,2,3,"Instagram ",3,5,4,{"ua":"Mozilla/5.0 (Linux; Android 10; K) AppleWebKit/537.36 (KHTML, like Gecko) SamsungBrowser/29.0 Chrome/136.0.0.0 Mobile Safari/537.36","lang":"en-IN","tz":"Asia/Calcutta","screen":"384x832"},{"_seconds":1775105489,"_nanoseconds":94000000}
"z2XuceuUcxjxC5X5mRuz","20260305_141822_58",84410,26,"Gen Z (1997–2012)","Male","Postgraduate","doctor","6–9 hours",2,1,5,4,4,2,2,4,5,5,5,5,4,5,5,1,2,"Facebook",3,3,3,{"ua":"Mozilla/5.0 (Windows NT 10.0; Win64; x64) AppleWebKit/537.36 (KHTML, like Gecko) Chrome/145.0.0.0 Safari/537.36","lang":"en-US","tz":"Asia/Calcutta","screen":"1280x720"},{"_seconds":1772700587,"_nanoseconds":27000000}
"zv1xZI4TEYNNfGQcyucy","20260308_233215_561",123881,26,"Gen Z (1997–2012)","Female","Undergraduate",null,"Less than 1 hour",4,5,3,2,5,3,4,1,5,5,5,5,5,5,5,1,5,"Instagram , Facebook, WhatsApp, X (Twitter)",5,5,5,{"ua":"Mozilla/5.0 (iPhone; CPU iPhone OS 18_7 like Mac OS X) AppleWebKit/605.1.15 (KHTML, like Gecko) Version/26.3 Mobile/15E148 Safari/604.1","lang":"en-IN","tz":"Asia/Calcutta","screen":"430x932"},{"_seconds":1772993060,"_nanoseconds":8000000}